pdb,Elektrode,Em_lit,e_1_nbo,edisp_1_nbo,homo_1_nbo,lumo_1_nbo,chem_pot_1_nbo,dipole_1_nbo,qpole1_1_nbo,qpole2_1_nbo,qpole3_1_nbo,qpole4_1_nbo,diff_1_nbo,e_2_nbo,edisp_2_nbo,homo_2_nbo,lumo_2_nbo,chem_pot_2_nbo,dipole_2_nbo,qpole1_2_nbo,qpole2_2_nbo,qpole3_2_nbo,qpole4_2_nbo,diff_2_nbo,e_5_nbo,edisp_5_nbo,homo_5_nbo,lumo_5_nbo,chem_pot_5_nbo,dipole_5_nbo,qpole1_5_nbo,qpole2_5_nbo,qpole3_5_nbo,qpole4_5_nbo,diff_5_nbo,Hemetype,ruffling_mean,ruffling_max,saddling_mean,saddling_max
1EBT,NHE,103.0,-3455.6017331,-85.15890216703086,-0.18528,-0.07188,-0.12858,3.5001,19.93633825881533,-0.12361089574784145,-19.812727363067484,28.107241564883143,0.1134,-3455.3818818000004,-85.15890216703086,-0.30256,-0.18742999999999999,-0.245,3.9797,32.75339973388485,-8.633436303723581,-24.11996343016127,41.58237668392382,0.11513000000000001,-3455.6026405000002,-85.15890216703086,-0.17188,-0.07472000000000001,-0.1233,3.5612,20.269141385132688,-1.3332090226815865,-18.9359323624511,27.770219178536944,0.09716,Heme B,-1.0111545237610002,0.19886717444724994,-1.0111545237610002,0.19886717444724994
1CCK,SHE,-178.7,-3438.4632563,-78.52821065167973,-0.18189,-0.10026,-0.14107999999999998,8.8134,23.965461175734873,3.598505695378712,-27.563966871113585,36.70238197007349,0.08163,-3438.2602284,-78.52821065167973,-0.29381,-0.24366999999999997,-0.26874000000000003,12.690999999999999,34.54534487744844,-9.291200702629657,-25.254144174818787,43.7890290050023,0.050140000000000046,-3438.4681871,-78.52821065167973,-0.17502,-0.08621000000000001,-0.13062,8.4346,23.153963507889575,3.2797201453229867,-26.433683653212565,35.29309028456473,0.08881,Heme B,0.2368997958649322,16.761481210422215,0.2368997958649322,16.761481210422215
2GSM,NHE,300.0,-3364.6911325,-78.36707858151132,-0.18617999999999998,-0.06996000000000001,-0.12807000000000002,4.2871,36.71517086648899,-14.231611064826774,-22.483559801662217,45.343720476058216,0.11621999999999998,-3364.4976067000002,-78.36707858151132,-0.30130999999999997,-0.22646,-0.26389,7.7542,36.38773224602965,-15.846107056483355,-20.54162518954629,44.689199279938784,0.07484999999999997,-3364.7240994000003,-78.36707858151132,-0.16313,-0.07047,-0.1168,4.4231,37.072830984671434,-14.465721080656087,-22.607109904015342,45.76825648649489,0.09265999999999999,Heme A,-0.4314833907794987,8.685093388359537,-0.4314833907794987,8.685093388359537
1DJ1,SHE,-172.6,-3438.6038188,-78.6325274498695,-0.18873,-0.08504,-0.13689,4.3771,53.387107192116034,-0.12263095948699032,-53.26447623262904,75.41420742161927,0.10369,-3438.3831736999996,-78.6325274498695,-0.30489,-0.20506999999999997,-0.25498000000000004,8.711,46.61491395054986,-1.5020948734778299,-45.11281907707203,64.88738657402,0.09982000000000002,-3438.6083842,-78.6325274498695,-0.18375999999999998,-0.08549,-0.13462000000000002,4.439,52.95764490687212,0.06731144952271961,-53.024956356394846,74.94106138500555,0.09826999999999998,Heme B,1.2276683580322594,16.334332365087608,1.2276683580322594,16.334332365087608
1A6M,NHE,50.0,-3512.4498768,-80.4980631542816,-0.16727,-0.11119000000000001,-0.13923,5.1865,28.486568391356702,-10.96748957952569,-17.519078811831015,35.195007188535875,0.05607999999999999,-3512.2898771,-80.49806321706042,-0.30166,-0.21533000000000002,-0.25849,5.7808,50.956590496868074,-14.715269830062926,-36.24132066680516,64.23820206786043,0.08632999999999996,-3512.4855513,-80.49806321706042,-0.17179,-0.07832,-0.12505,4.8283,31.510731920430924,-11.63024865453091,-19.88048326590001,39.031045683394936,0.09347,Heme B,-0.9329007028775804,5.9785554781777845,-0.9329007028775804,5.9785554781777845
1C75,SHE,47.0,-3881.4704346999997,-98.07267664026782,-0.17273,-0.0565,-0.11460999999999999,6.5556,21.428822470279066,4.532156984054059,-25.96097945433312,33.96626757111711,0.11623,-3881.2616558,-98.07267664026782,-0.28204,-0.17331,-0.22768000000000002,7.2859,31.581448592034732,-13.34181557665234,-18.239633015382392,38.83395615422877,0.10873000000000002,-3881.4036681999996,-98.07267664026782,-0.10132999999999999,-0.07202,-0.08668,6.6493,18.83484170188312,6.677223769483454,-25.512065471366572,32.406821254452666,0.02930999999999999,Heme C,0.4062037565405172,6.87208578706704,0.4062037565405172,6.87208578706704
1JBQ,NHE,-291.0,-3800.4874641,-86.09542409503317,-0.18091,-0.1027,-0.1418,11.8271,35.11113577133645,2.6036321481046016,-37.714767919441044,51.59432598854685,0.07820999999999999,-3800.2766541,-86.09542409503317,-0.27657,-0.21029,-0.24343,12.319,27.854290239333324,-0.41375386561738026,-27.440536373715943,39.10263051755994,0.06627999999999998,-3800.5025952,-86.09542409503317,-0.17632,-0.0924,-0.13435999999999998,12.0538,31.46095844409785,4.35126366099,-35.812222105087855,47.86690562145049,0.08392000000000001,Heme B,-0.12169300855052617,2.565231236371337,-0.12169300855052617,2.565231236371337
1CMQ,SHE,-164.5,-3438.5999029,-78.78934451320916,-0.18325,-0.08619,-0.13472,4.8431,24.929897836795288,13.325321353682876,-38.25521919047816,47.566015080554045,0.09706,-3438.4082125,-78.78934451320916,-0.29096,-0.19341,-0.24218,9.5523,22.23694051192211,10.218232442259511,-32.45517295418162,40.64765733737927,0.09755,-3438.6003681999996,-78.78934451320916,-0.18214,-0.08956,-0.13585,5.2549,24.80056067838048,11.863613441646304,-36.664174120026786,45.82657305274404,0.09258,Heme B,0.8676880166461407,30.71014618895547,0.8676880166461407,30.71014618895547
1GU2,NHE,-60.0,-3628.7931725999997,-91.05841431327049,-0.12370999999999999,-0.09996000000000001,-0.11183,5.8839999999999995,22.44437929086108,8.444875298472173,-30.889254589333248,39.10514198469843,0.02374999999999998,-3628.6893769000003,-91.05841431327049,-0.27178,-0.18057,-0.22618000000000002,5.7704,22.917916587212048,-0.4614779040757675,-22.45643868313628,32.08949206191215,0.09121000000000001,-3628.8230265,-91.05841431327049,-0.15162,-0.055979999999999995,-0.1038,5.1695,21.996861815362315,6.792844526858738,-28.78970634222105,36.86260787193592,0.09564,Heme C,1.545155167186551,16.999435660339866,1.545155167186551,16.999435660339866
1F1F,SHE,314.0,-3881.4386833000003,-95.64500126154616,-0.1791,-0.07173,-0.12541,9.1415,24.82417510796472,-2.292979749917613,-22.531195358047107,33.60285985813569,0.10737000000000001,-3881.2499909999997,-95.64500126154616,-0.29013,-0.18254,-0.23634000000000002,11.0074,20.371290630360654,-4.893107089822427,-15.478183540538227,26.048150503513273,0.10758999999999999,-3881.4196797,-95.64500126154616,-0.17352,-0.07497000000000001,-0.12424,9.2322,24.456697091035245,-1.8400165720518016,-22.616680518983443,33.362103220358314,0.09855,Heme C,0.6535308400090596,11.580547895638626,0.6535308400090596,11.580547895638626
1JDL,NHE,293.0,-3879.4054453000003,-93.34748006882047,-0.18688,-0.07927999999999999,-0.13308,10.9959,39.12551570249797,11.137549200131467,-50.26306490262943,64.6624054190509,0.1076,-3879.2149036,-93.34748006882047,-0.29336999999999996,-0.18765,-0.24051,12.8625,31.327084498025517,14.200761728231564,-45.527846226257076,57.05990395023591,0.10571999999999995,-3879.3609744000005,-93.34748006882047,-0.12159,-0.08404,-0.10282000000000001,10.8827,41.27401346213549,9.107072431964843,-50.381085894100345,65.76273086956101,0.03755,Heme B,-0.6519597585969962,8.690236179615269,-0.6519597585969962,8.690236179615269
1CCG,SHE,-127.0,-3399.1522683,-76.55511336074531,-0.18419000000000002,-0.0809,-0.13254000000000002,6.2218,30.35583878859641,3.692073830122133,-34.047912618718556,45.76427330809724,0.10329000000000002,-3398.9577596,-76.55511336074531,-0.29333000000000004,-0.19113,-0.24223000000000003,10.1544,34.777540693229824,-12.111194962723511,-22.666345730506315,43.24259021924101,0.10220000000000004,-3399.1484188,-76.55511336074531,-0.17756,-0.08209,-0.12982,6.4688,30.38737005070243,3.675495948878094,-34.062865999580524,45.7949819213189,0.09547,Heme B,0.7296613326839263,16.87063122602758,0.7296613326839263,16.87063122602758
1CMT,SHE,-164.5,-3438.540003,-78.78968004259846,-0.19009,-0.10056,-0.14533,5.7389,35.569593066062616,-8.457295518382168,-27.112297547680456,45.51701302802105,0.08953000000000001,-3438.3413125,-78.78968004259846,-0.30453,-0.20272,-0.25361999999999996,10.3841,21.034863928722952,-3.28235517760702,-17.752508751115933,27.719865120772692,0.10181000000000001,-3438.5488998000005,-78.78968004259846,-0.18889,-0.09713,-0.14301,6.7024,32.66803124140466,-2.002156993578289,-30.66587424782637,44.850916837895596,0.09176000000000001,Heme B,0.5652187062076881,21.657506986017488,0.5652187062076881,21.657506986017488
1A6G,NHE,50.0,-3475.4717259000004,-81.29126800533382,-0.16762,-0.09782,-0.13272,3.8308,28.31437771531849,-9.751172562397107,-18.563205152921373,35.23325042267009,0.06979999999999999,-3475.2857999,-81.29126800533382,-0.29841999999999996,-0.24088,-0.26965,6.0276,51.02028786450296,-17.541541652532878,-33.478746211970076,63.494896659034644,0.05753999999999995,-3475.4502369,-81.29126800533382,-0.15907000000000002,-0.07591,-0.11749000000000001,2.4858,29.72247795527309,-7.264996352769216,-22.457481602503872,37.954503655485276,0.08316000000000001,Heme B,-1.325632337981745,7.47146839146541,-1.325632337981745,7.47146839146541
2OYY,NHE,-540.0,-3443.3165784000003,-81.10842762215906,-0.17613,-0.10629000000000001,-0.14121,9.5361,23.663119479490096,3.4422580484794274,-27.105377527969523,36.14545413889138,0.06984,-3445.654402,-83.46057571082322,-0.31775,-0.26902,-0.29339,11.2562,18.850204372175387,2.282669535838441,-21.132873908013824,28.410194379740453,0.048729999999999996,-3445.8854263999997,-83.46057571082322,-0.16869,-0.0821,-0.1254,9.9169,22.721754061825013,5.834111977744597,-28.555866039569608,36.95608820593393,0.08659,Heme B,0.17662953013669824,16.463713631446936,0.17662953013669824,16.463713631446936
1VB6,SHE,63.9,-3879.3949703000003,-93.10666810086893,-0.18338,-0.07671,-0.13004000000000002,7.202999999999999,30.488668312791,18.067506919661625,-48.556175232452624,60.114023779681,0.10666999999999999,-3881.6476456,-95.33922060306658,-0.29218,-0.18099,-0.23658,10.9901,24.31903284004423,14.36537443472114,-38.68440727476537,47.89846247140725,0.11118999999999998,-3881.821725,-95.33922060306658,-0.17732,-0.06925,-0.12329000000000001,8.3245,28.13484604990988,18.67638577821535,-46.81123182812523,57.720606140747854,0.10807,Heme B,-0.3598132301132484,1.631174692556749,-0.3598132301132484,1.631174692556749
1AW3,SHE,-102.0,-3627.6798818999996,-89.6193452785197,-0.17365999999999998,-0.06974,-0.1217,5.0509,46.36406347553661,-14.339992434806463,-32.02407104073015,58.14467207763429,0.10391999999999998,-3627.5053163000002,-89.6193452785197,-0.29314,-0.17925,-0.23619,8.3661,35.96156080746468,-12.755045504740435,-23.206515302724238,44.65946029714818,0.11389000000000002,-3627.6635937,-89.6193452785197,-0.17767,-0.07272,-0.1252,4.9667,48.99357492139652,-16.50299180885571,-32.490583112540804,61.060274427933685,0.10494999999999999,Heme B,-1.8990558991437196,5.321410043761482,-1.8990558991437196,5.321410043761482
1FHF,SHE,-443.0,-3455.422494,-78.68582126383505,-0.1609,-0.09963999999999999,-0.13027,4.3885,42.0983687602411,9.59371652448482,-51.69208528472593,67.35268168461293,0.061259999999999995,-3455.2265056999995,-78.68582126383505,-0.26514,-0.20617,-0.23565999999999998,9.5411,27.787161109396553,9.850890473363563,-37.63805158276011,47.80992880756336,0.058969999999999995,-3455.4555316,-78.68582126383505,-0.17172,-0.07166,-0.12169,5.3105,37.29680762734056,7.870545562627051,-45.16735318996761,59.102344630577186,0.10006000000000001,Heme B,-4.595731997448707,23.554410426633783,-4.595731997448707,23.554410426633783
1JP9,NHE,50.0,-3438.4917978,-80.45907291613732,-0.15478,-0.09966,-0.12722,6.3832,18.809174331220508,-1.325091284372505,-17.484083046848006,25.714471916087287,0.05512,-3438.3257162,-80.45907291613732,-0.29914,-0.2363,-0.26771999999999996,10.0773,41.23505789803242,-6.2183992213104835,-35.01665867672194,54.45332747970253,0.06284000000000001,-3438.5399541999996,-80.45907291613732,-0.1715,-0.07304,-0.12227,5.8843,22.44314170398993,-8.04980269098203,-14.393339013007902,27.85071167587085,0.09846000000000002,Heme B,0.12036052614731618,1.3568570115559595,0.12036052614731618,1.3568570115559595
451C,SCE,270.0,-3881.6541740000002,-96.75025151225071,-0.17873,-0.07637999999999999,-0.12755999999999998,7.9466,18.561240644085444,-2.578350924468064,-15.982889719617381,24.629663244283424,0.10235000000000001,-3881.4718869000003,-96.75025151225071,-0.3027,-0.18761,-0.24516,9.5934,13.420102555952413,6.406428880781442,-19.82653143673385,24.78372111747117,0.11509000000000003,-3881.6318907,-96.75025151225071,-0.17187,-0.08048999999999999,-0.12618,8.1361,17.95672557475171,-1.5914277511594082,-16.365297823592304,24.34747642999121,0.09138,Heme B,0.38903173147990144,7.781706910911147,0.38903173147990144,7.781706910911147
1FJ0,NHE,350.0,-3880.5270025,-94.68874039609116,-0.13577999999999998,-0.11133,-0.12355,3.1214,31.52218522836059,1.395151984593895,-32.917337212954486,45.597650159866575,0.024449999999999986,-3880.3686196999997,-94.68874039609116,-0.28386999999999996,-0.24040999999999998,-0.26214,9.1795,42.36496468296337,-5.6917067505036485,-36.67325793245972,56.32151990638073,0.04345999999999997,-3880.5483535,-94.68874039609116,-0.14093,-0.06576,-0.10334000000000002,3.9016,31.31419654996675,0.18435513403826675,-31.49855168400502,44.41589412108385,0.07517,Heme C,0.651725065915673,9.259036236893213,0.651725065915673,9.259036236893213
1CXC,NHE,355.0,-3880.5351545000003,-94.38860945580905,-0.13304000000000002,-0.10780999999999999,-0.12043,3.2818,16.489394008166727,1.2240528388611978,-17.713446847027928,24.231479919034285,0.02523000000000003,-3880.3803931,-94.38860945580905,-0.28263,-0.23579,-0.25921,11.7413,26.007021633140685,8.437898678074898,-34.444920311215576,43.97744698790617,0.04683999999999999,-3880.5640744,-94.38860945580905,-0.15099,-0.06817000000000001,-0.10958,4.0132,17.98801340507298,1.368344145383709,-19.35635755045669,26.459583700096513,0.08282,Heme C,1.264438504366359,9.746195351443953,1.264438504366359,9.746195351443953
1CCC,SHE,-78.0,-3438.1047843,-79.59394456004283,-0.1831,-0.08935,-0.13623,14.195,23.41522291693592,10.597148226329336,-34.012371143265256,42.63113420316646,0.09375000000000001,-3437.9010952,-79.59394456004283,-0.29238000000000003,-0.21148000000000003,-0.25193000000000004,15.2808,27.207059064956432,-8.477417954510889,-18.72964111044554,34.10117496898872,0.0809,-3438.0872071999997,-79.59394456004283,-0.17605,-0.0897,-0.13288,14.2877,23.127997620856963,10.741312382807916,-33.86931000366487,42.39587510336095,0.08635000000000001,Heme B,-0.8663755151290244,24.51267719798778,-0.8663755151290244,24.51267719798778
1ES1,SHE,12.0,-3627.4958318000004,-90.67610373106041,-0.17332999999999998,-0.06587,-0.1196,2.156,36.47415559207705,12.834595589949865,-49.30875118202691,62.66134225536225,0.10745999999999999,-3627.3208240999998,-90.67610373106041,-0.28203,-0.17517,-0.2286,3.6296,32.07429727450358,12.287694147494804,-44.36199142199839,56.10467229726525,0.10686000000000001,-3627.4613949,-90.67610373106041,-0.10977,-0.061860000000000005,-0.08582000000000001,3.0407,41.162318515748936,7.112969680937822,-48.27528819668675,63.83912792126058,0.04791,Heme B,4.108874831685224,14.270593425425556,4.108874831685224,14.270593425425556
1A6K,NHE,50.0,-3438.491317,-80.0827408031137,-0.17131,-0.08915,-0.13022999999999998,4.3748,28.284534184738437,-7.050285617324168,-21.234248567414266,36.06403629041292,0.08216,-3438.2771778000006,-80.0827408031137,-0.27616999999999997,-0.22419,-0.25018,2.7231,33.88645337426602,-13.315176620644445,-20.571276753621575,41.81821466776591,0.05197999999999997,-3438.5012385,-80.0827408031137,-0.17265999999999998,-0.09158,-0.13212000000000002,4.2376,28.198333182317263,-7.50536285425386,-20.692970328063396,35.772552122151254,0.08107999999999999,Heme B,-1.139059227924184,14.519886504738873,-1.139059227924184,14.519886504738873
3CCX,SHE,-181.1,-3362.2323393,-75.52135802465499,-0.18828,-0.08217,-0.13523,5.1473,25.960560755924874,16.318535767160274,-42.27909652308513,52.22803200537531,0.10611,-3362.0357324,-75.52135802465499,-0.30196999999999996,-0.24322,-0.2726,9.3908,24.8133371707614,13.420308358392106,-38.233645529153506,47.51439811713055,0.05874999999999997,-3362.2613768,-75.52135802465499,-0.17727,-0.08164,-0.12946,5.4167,26.440214670529052,16.133927764230453,-42.57414243475951,52.64927524863987,0.09563,Heme B,-0.6442451461807868,17.627942495328067,-0.6442451461807868,17.627942495328067
1CTJ,SHE,358.0,-3881.8978039000003,-95.26638651978749,-0.17997,-0.06395,-0.12195999999999999,5.5992,23.709088133505414,4.996309294210207,-28.705397427715624,37.56439548520436,0.11601999999999998,-3881.7160231,-95.26638651978749,-0.29279,-0.17770999999999998,-0.23525,7.9006,29.4034205934686,-5.570654524543532,-23.83276606892507,38.25694804919059,0.11508000000000002,-3881.8732608000005,-95.26638651978749,-0.16827999999999999,-0.06921000000000001,-0.11875,5.6534,24.033300971553825,3.8240877838086895,-27.85738875536252,36.98996230377863,0.09906999999999998,Heme B,1.7975998275434355,8.096088056969366,1.7975998275434355,8.096088056969366
1CCE,SHE,-127.0,-3249.2073551,-69.36974821521096,-0.18567,-0.11356,-0.14961,6.5396,23.28301529804121,16.262614085953054,-39.545629383994275,48.68704367338079,0.07211000000000001,-3249.000766,-69.36974821521096,-0.30301999999999996,-0.21753000000000003,-0.26028,15.0898,54.699847257701855,-19.58479128564449,-35.115055972057355,67.8874399248922,0.08548999999999993,-3249.1908313999998,-69.36974821521096,-0.16582,-0.10329,-0.13455999999999999,5.5919,35.33750043714904,6.094860534499134,-41.43236097164817,54.795317308912715,0.06252999999999999,Heme B,0.41699883940431004,24.739250544594633,0.41699883940431004,24.739250544594633
4MU8,SHE,269.0,-3439.6628789000006,-81.38141407053735,-0.13573,-0.11010999999999999,-0.12292,4.9654,34.65273547747128,7.152501041027541,-41.80523651849882,54.76904369788762,0.025620000000000004,-3439.4951710999994,-81.38141407053735,-0.27284,-0.23262,-0.25273,15.7196,19.611611685499607,11.364183251060796,-30.97579493656041,38.383067175752856,0.040220000000000034,-3439.6839999,-81.38141407053735,-0.15655,-0.08029,-0.11842000000000001,5.3087,34.776646237558204,6.397362538017639,-41.17400877557584,54.273753978380476,0.07626,Heme C,0.3096172606630998,7.00710962068488,0.3096172606630998,7.00710962068488
1JP6,NHE,50.0,-3438.4935341,-79.66363136932921,-0.15456,-0.09723,-0.1259,3.6011,17.916237482207972,-3.8819812160873095,-14.034256266120662,23.087262545561337,0.057330000000000006,-3438.3492128,-79.66363136932921,-0.29917,-0.23792,-0.26854,8.6948,29.461717752892078,13.629171534049286,-43.09088928694137,53.94971609257292,0.06125,-3438.5526343,-79.66363136932921,-0.17029,-0.07184,-0.12107000000000001,3.597,16.252285218344944,-2.943804713773215,-13.308480504571731,21.211280356259326,0.09845,Heme B,0.2058239570233294,1.566410971426352,0.2058239570233294,1.566410971426352
1DRM,NHE,68.0,-3361.9573584,-76.42127657206801,-0.17828,-0.08441,-0.13134,10.1505,28.94381093634384,10.00643883529061,-38.950249771634454,49.547905777701004,0.09387,-3361.7626611,-76.42127657206801,-0.29854,-0.24436999999999998,-0.27146,12.7952,30.23849720290093,0.43752442668220937,-30.67602162958314,43.076402400066364,0.05417000000000005,-3361.9424115999996,-76.42127657206801,-0.13330999999999998,-0.09224,-0.11277999999999999,10.2222,26.89583193700373,15.473154793173215,-42.368986730176935,52.51604829272978,0.04106999999999998,Heme B,1.2485179277220377,16.548710510010793,1.2485179277220377,16.548710510010793
6U97,NHE,179.3,-3879.0465458000003,-94.10300441911212,-0.18136,-0.06262000000000001,-0.12199000000000002,8.1112,24.14635811521224,8.250341894829349,-32.39670001004159,41.23907036779988,0.11873999999999998,-3878.8634221999996,-94.10300441911212,-0.29346,-0.17643,-0.23495,9.6889,22.79517705565586,10.710549346092673,-33.50572640174853,41.9162219910456,0.11703,-3878.9314694,-94.10300441911212,-0.10885,-0.05181,-0.08033,7.9901,27.477326993725434,4.521705890582791,-31.999032884308228,42.41918703148474,0.05704,Heme B,1.564556333795034,14.284084789725904,1.564556333795034,14.284084789725904
1MOH,NHE,103.0,-3761.3385059,-83.67638757550466,-0.1684,-0.06298,-0.11569000000000002,4.6143,8.744418315644136,-1.2113626522323395,-7.5330556634117976,11.605135879525779,0.10542,-3761.1351174,-83.67638757550466,-0.27385,-0.17484,-0.22434,2.4307,21.65517480443456,9.409023795917774,-31.06419860035233,39.018723212923064,0.09900999999999999,-3761.3001182,-83.67638757550466,-0.10887000000000001,-0.06348,-0.08617999999999999,5.1738,9.817711096969305,-3.13939697495026,-6.678314122019045,12.281821691517914,0.045390000000000014,Heme B,-9.839829568630087,3.7105663904668127,-9.839829568630087,3.7105663904668127
