,C3_SW_C1_SW_C1_WS_C3_WS,C3_SO_C1_SO_C1_OS_C3_OS,C3_WN_C1_WN_C1_NW_C3_NW,C3_NO_C1_NO_C1_ON_C3_ON
3CCX,-6.084783037699974,17.627942495328067,0.5290365081598052,-14.649176550511044
1EWH,23.391193338701754,-16.112807649046616,1.8039010704444567,7.171787581138429
1YCC,41.349419238600845,14.695435272271258,-8.963365631281256,-4.831583870765266
6U97,6.300806298811976,-9.201799561378417,-5.12486619197933,14.284084789725904
1CCE,-5.605906505559222,24.73925054459463,7.418426937231083,-24.883775618649256
1IQC_HIS,-2.861822774578619,5.654471394137765,14.36504889778442,-10.325958859394548
1DRM,-8.980793031225119,16.548710510010793,-1.3217116824536481,-1.252134085443875
1H29,0.6846871854028799,12.128336935324183,-14.430145290175531,1.9071257314418846
1F1F,7.303161968744701,2.868246046253551,11.580547895638626,-19.137832550600642
4K8F,8.197417582505878,-23.33365962731327,13.83585890024207,2.5367759435485207
1IQC_HISMET,-13.011570103712318,10.182411606149392,1.8460128054339477,-3.4879637859979837
1VB6_HISMET,-0.27981182333639915,1.1931685395438583,-0.6057110046228698,-0.33314377509779164
1H9X,11.044609271395109,-7.957888261958512,-3.186469852658582,-0.9886810921213196
2OYY,-7.113042852003385,5.196837434623267,15.054888712955758,-15.836800845074935
451C,5.466209921471549,-3.0909162745209047,-8.600873631942186,7.781706910911147
1BE3_HISMET,31.97712541589606,-19.721830587745753,-3.731280378395698,-9.078463165765706
1MZ4,-2.8305710349142905,-2.7617311612444335,14.313871413099122,-5.957711016046732
1CO6,1.366394138547052,-2.1654556941406953,4.830196594188397,-1.8374500692377342
1A6K,14.519886504738873,-1.2926670093411643,-7.636985750870148,-10.146470656224297
1CYO,9.610808917509761,-16.212061034448595,0.05869853061759775,14.163252657485097
1AW3,5.321410043761482,-5.788816376147627,-10.64529521751183,3.516477953323097
1LS9,-5.178008674673816,12.900651088817057,17.15429563498152,-0.23520010698133667
2PCB_HISMET,2.7169262338437434,-7.273915376365868,1.3171244340187673,5.417464891179132
2V08,-6.895737219424095,9.313973636848345,5.867757962060367,-0.359383218425518
1EHB,-11.503387993149387,9.56584077580403,14.223193028149323,-3.067947508081151
351C,10.550532172735865,-0.7544680856567879,-11.762044129745108,7.341906398520109
1JP9,0.7558356683526338,-0.19939947579432554,1.3568570115559595,-1.4318510995250033
2C1D_CSS,-2.236966564181016,9.577442686237735,-1.4892789326609903,6.529962501913854
1B5A,2.802854698055281,0.32970117551099776,0.660042463295407,-1.643912179762745
5MCS,-18.128477738840274,4.407058400666501,22.346135040044956,-12.136071146992093
1CCC,-8.061758842569112,24.51267719798778,8.360383162603844,-28.276803578538612
1C2R,-0.4035182238335657,-1.4497346563033813,5.587471122999856,0.9860996987212922
1A6M,3.235082666379205,-5.091190685635953,5.978555478177784,-7.854050270431359
1CXC,-0.9397882424312701,-2.4297473441715107,9.746195351443953,-1.3189057473757368
2PCB,28.740722404692676,-15.637519221594772,-25.214984897452755,19.222775797723074
1CCK,16.761481210422215,2.098468777037645,-18.62366473788979,0.7113139338896552
1CTJ,-4.498742115567309,2.1127543422156143,8.096088056969366,1.4802990265560698
1JBQ,-1.5452947790080143,2.61331661459871,-0.1333725685803692,-1.059655459039608
1HRC,17.430320083679792,-8.18246699513826,2.043655472084913,-8.942727322707961
1QPU,12.85714626935701,0.12871523770614038,-11.89102797003659,1.977814929280135
1MOH,3.7105663904668127,-0.21828514777059935,-21.390335705093197,-21.46126381212336
1GU2,-7.895461435726891,3.1351545030208623,14.568770509987926,-11.240129915266548
1F1C,-12.15661220926567,8.746072709074596,-8.48379987393674,3.2443262723059365
1JP6,1.5664109714263519,-0.30365528459915475,0.41847575861416875,-0.8579356173480486
1YNR,-4.875645616464314,8.756718179891472,2.9139226999469394,4.183755212906588
1CRC,3.1150341067717586,-15.642256349957435,10.579939275291563,3.9785032706436483
2GSM_BISHIS,18.3336896248867,-13.379504236136528,-12.198891935308367,5.545535615880721
1CNO,-5.907837946157911,5.049197586011519,1.9453464680675556,5.274332992144803
1GIW,-6.4996958526199515,-3.258080788157718,11.75585625169316,-3.741273535196453
4MU8,11.35613837963276,6.103333735103346,-6.306825176698265,4.72823378072813
2C1D_MET,16.70538499102245,-3.667938330583073,-13.376888406251197,-7.8392660160100744
1FJ0,6.277246862066109,-7.5242203544059265,2.869791044807092,9.040234446619696
1CNO(1),-5.907837946157911,5.049197586011519,1.9453464680675556,5.274332992144803
1A6G,7.47146839146541,-1.0225429313816021,-2.678882538300132,-9.072572273710657
2HPD,-3.9741058842878263,10.087080494937595,-14.062853949675569,-17.508529984868407
1EUE,7.223485950275361,-7.483717978171738,0.867954371064113,3.0682660467015146
1JDL,-6.711177212250357,8.690236179615269,-2.2431695359072212,-2.343728465845675
1CMT,-16.8736632255313,21.65750698601749,10.274732414086069,-12.797701349741502
1EBT,-2.9306307602257404,-1.257571190893742,-0.05528331837176932,0.19886717444724994
1HJT,14.715312182206192,-2.1803864971596436,0.7675291618306352,-0.44939454513914395
1CCG,-6.400055292523067,16.87063122602758,8.348551087026216,-15.900481689795022
2GSM,-17.31465061356739,-0.445016951825512,10.49631201396336,0.3251050402763641
1VB6,-0.27981182333639915,1.1931685395438583,-0.6057110046228698,-0.33314377509779164
1CRY,-2.991330784530612,-22.272008969422526,9.133253448044119,23.777117186280606
1DJ1,-22.58107773459469,16.33433236508761,1.3621324710027962,9.795286330633326
3CU4,-1.820897454256322,6.231682204720349,9.023329033623547,-0.7416454036221359
1V9Z,-0.11676396870523989,-0.7882279326924547,-1.1772994099047835,0.17054832938050157
1FLP,3.154110032702125,17.245901635623568,-6.137657814416959,7.753184509306014
1CYI,9.281331480044607,-4.465971655821279,26.341056796870724,5.42233832414149
1IO3,-13.707450934266056,3.661472610071624,10.277893618724345,6.571614512719568
1ES1,-2.213716993376359,-7.884051665793965,12.262674560485664,14.270593425425556
1CYJ,-7.646454447875528,28.456294745751375,33.35747839779912,-24.785861299331604
1C75,5.460049296016467,-5.291386435387795,6.87208578706704,-5.415933621533644
1FHF,-16.866546844792058,-11.63402685053508,23.56232651122389,-13.419489525058978
1CMQ,-12.574412307608364,30.71014618895547,0.011889007950852475,-14.676870822713395
