,C1_SW_N_S_N_N_C1_NW,C1_SO_N_S_N_N_C1_NO,C1_WS_NW_NO_C1_OS,C1_WN_NW_NO_C1_ON
3CCX,-8.322564182930947,-0.8854680835763632,-12.13149160259273,5.025763213104146
1EWH,17.02375076571261,5.533247423864765,178.85916205165748,175.9680932315834
1YCC,17.344883736802,8.540752776024206,177.51201392118716,177.593573174454
6U97,4.624457775898294,6.3835006999487,8.550657646173757,7.742671708162564
1CCE,-8.632571716930823,-4.517577210049342,-24.606578427152467,9.45781758691115
1IQC_HIS,22.433577403741356,18.731908413011997,-171.51301951353162,-173.33858833786542
1DRM,-4.130715610454389,-8.466717650236381,-179.7403824767543,-178.92253261500085
1H29,-6.13024565582135,6.951750896869329,-7.01871987398275,8.08296886208202
1F1F,20.408575785908774,8.121718467080168,-179.99322405319106,178.5273051410993
4K8F,7.751603592531328,-21.466242155217355,3.062143518483511,-16.876339412843308
1IQC_HISMET,13.055475250062397,15.864200596873784,-177.94333532691851,-175.24713417856424
1VB6_HISMET,0.11242173654215468,0.678528331476021,0.5645664530473364,-0.05378697276311118
1H9X,9.517614539246125,6.864060838187159,178.84257318451466,178.79141428650766
2OYY,12.51776014943464,0.3499137368322311,6.88664902453133,5.161864957544561
451C,10.792403896589827,9.80948996883057,8.170119470334647,11.877395976641631
1BE3_HISMET,31.8994062537915,-6.840142445273898,-177.82283043111678,178.64717031365157
1MZ4,7.230042716117951,2.144944499048955,-179.2310264516393,-179.94056833114192
1CO6,16.296827757866133,0.558950190220866,178.80834287466567,178.8116585312247
1A6K,15.892665266315577,-11.890913012802047,-178.2778490252716,179.20513842150763
1CYO,-7.169868568184015,-9.26427253733903,-2.0763677286225164,-10.138061760320477
1AW3,-7.327910821429367,-2.1609161425101404,-3.6002270111600407,-3.5582144157455273
1LS9,10.174707738584582,4.550161408504387,179.28471697906886,179.75886874999068
2PCB_HISMET,16.513833755232834,9.148082482060522,-178.76501232477887,179.76037382801383
2V08,13.234851703121345,10.525703414355448,-178.02331953767043,-177.36696818696754
1EHB,-7.226625120080963,-6.69025726080022,-179.80742150609245,-178.27005139302193
351C,9.495485124481386,9.63624779263733,7.021568115515338,12.931785894537779
1JP9,0.5939719767425455,-0.17296242311559168,179.41346278697128,179.51389559276916
2C1D_CSS,8.328910818585326,7.218453268340865,-178.94884757720095,-178.28455677059884
1B5A,-2.1709935901214785,2.0745075554683683,-0.29095137044776354,1.5823035148462572
5MCS,8.198355545167972,2.334291787810911,178.89061158410362,177.82514930192087
1CCC,-6.27129104206143,-11.153491681240359,-21.741686303691715,4.673525927990071
1C2R,0.3572036464411399,0.8854636780301014,179.2643178340968,178.8309721686492
1A6M,9.467277425668156,-5.572673790972625,-179.86904743232284,179.58605184983767
1CXC,8.729117820160633,5.215860926448481,177.50174349560834,177.7564847561642
2PCB,-3.644913083414517,4.554259093588095,178.43745438487915,179.05273942868303
1CCK,-1.7097737955478463,-5.009966609944021,179.52017858825232,177.66666433451783
1CTJ,15.501774135812873,5.853904760286455,-176.58297814558827,-176.3436889139922
1JBQ,1.4720389941823608,1.8010304144361793,1.3121439877421708,1.7216892074035006
1HRC,27.562969774229934,11.47820851594408,-179.7640771677258,177.36723332316177
1QPU,-0.7096804549742415,-3.141533548154994,-6.820108410459417,4.391100628100756
1MOH,16.42967130798512,2.3501766560739004,174.84661105525544,175.5979948567515
1GU2,16.41609022075209,7.722772873843667,-173.7075890706153,-176.45699628289762
1F1C,6.933875726228336,12.490538017418283,178.4084576103982,-175.9594973373725
1JP6,0.4239014116686619,-0.14226757583790803,179.4091643272617,179.52016215594597
1YNR,9.70028604453559,12.918905774661178,-179.43360235433687,-179.075133546429
1CRC,21.945930582709455,6.9114398848970815,-179.12896446693063,-179.50268814453662
2GSM_BISHIS,-1.8813003095442298,-5.541322316722994,179.93292056780993,179.0194162383025
1CNO,9.198724401764887,13.975502621728335,178.97373073077114,-174.17525614677655
1GIW,3.993386348380432,5.646093633769742,178.52973413977048,179.506136547404
4MU8,17.59838722848951,12.208281068534486,175.01870615440222,177.53500364074296
2C1D_MET,12.378018805684823,3.7672209867177346,0.9135834319907375,16.288573595730334
1FJ0,13.024525116275525,3.055655645547593,177.92969383152013,177.67162583492717
1CNO(1),9.198724401764887,13.975502621728335,178.97373073077114,-174.17525614677655
1A6G,11.105041357202154,-8.13758280102154,-179.5798035513205,179.83281822693644
2HPD,4.914675295454274,11.692510703475218,-179.40608915698957,179.45443946139298
1EUE,-0.8316010935946625,-3.9560323730719644,-1.0790933578327644,-1.5611641017272222
1JDL,3.1087555108430767,9.387114924064873,15.165284085592392,9.139577062967016
1CMT,-18.94765510589018,1.4168367953487488,-6.305416659997444,-10.984077812090767
1EBT,15.770743291590636,2.703437266184095,174.3922700983486,175.70404184762964
1HJT,2.4384184848230093,-3.333044655425832,179.13970505776774,-179.7166283466623
1CCG,-4.970231164892437,-4.183825002754175,-11.510652038034541,3.515370550058313
2GSM,-3.5373676646595267,2.8514685071017505,8.077714408834808,-10.298891364566988
1VB6,0.11242173654215468,0.678528331476021,0.5645664530473364,-0.05378697276311118
1CRY,14.17751253672414,7.4480644448888595,-179.33316819696023,-178.51753578595935
1DJ1,-1.478099172759126,0.9801723120729067,2.594715055683444,-1.3000421760280783
3CU4,6.473973751137157,5.812831502642307,-177.77838474051578,-177.87019476099877
1V9Z,-0.29138050183142294,-0.31338489495351357,0.10240772763846635,-1.339239644561911
1FLP,-5.991659587634464,14.236265708461971,172.99362035676572,-178.86954283205748
1CYI,13.5635126517024,0.44656597123745423,-173.39116968110548,-177.75480725046305
1IO3,6.611534136882441,17.50818411160929,170.857199530466,177.23537636789436
1ES1,-7.5122045277615594,-7.130936767748133,-0.8195618344173096,-8.46082135974656
1CYJ,21.510531681169617,0.19072346055226702,177.84067412127263,176.29571743631706
1C75,11.705291144599864,3.422768618487028,179.5702022909242,178.4074426230449
1FHF,4.360793144271522,-1.7832269938841325,3.5721839564071254,-4.364126752541487
1CMQ,-20.135705986025627,4.88157574159557,-23.251650448546435,6.1704297413
