,pdb,Ox,spin,method,e,edisp,homo,lumo,chem_pot,diff,elekphil,dipole,qpole1,qpole2,qpole3,qpole4,polar-iso,polar-aniso
0,1CRY,1,2,nbo,-3880.3553762,-93.94658908713878,-0.28767,-0.17764,-0.23266,0.11003,0.24597,6.4414,30.49066485810906,2.9756222714586578,-33.46628712956772,45.370996744953686,,
1,1YCC,1,2,nbo,-3880.3637983,-93.56652141065122,-0.28847,-0.18075,-0.23461,0.10772,0.25549,6.8203,22.305625127845214,-3.962413209465936,-18.34321191837928,29.149872299232534,,
2,1DJ1,1,6,nbo,-3438.4069958,-78.6325274498695,-0.30038,-0.19567,-0.24802,0.10471,0.29375,9.0051,47.237103991844464,-0.9960148379270422,-46.24108915391742,66.11031965763165,,
3,1CXC,1,6,nbo,-3880.3799072,-94.38860945580905,-0.27754,-0.19258,-0.23506,0.08496,0.32517,7.2883,23.32312485814488,3.6017277381746133,-26.924852596319493,35.80346747428361,,
4,1F1F,0,1,chloro,-3881.5160305,-95.64500126154616,-0.18147,-0.07042,-0.12595,0.11105,0.07142,11.3177,28.995173689798364,-5.269973407180551,-23.725200282617813,37.83355449153957,,
5,1JP9,0,5,nbo,-3438.5399542,-80.45907291613732,-0.1715,-0.07304,-0.12227,0.09846,0.07592,5.8843,22.443141703989937,-8.049802690982036,-14.393339013007902,27.850711675870855,,
6,2CE0,1,2,nbo,-3880.357265,-94.8994330384361,-0.2802,-0.24462,-0.26241,0.03558,0.96766,17.4658,47.4997945734353,6.22746448517762,-53.72725905861292,71.98354092696472,,
7,1C75,0,5,nbo,-3881.4036682,-98.07267664026782,-0.10133,-0.07202,-0.08668,0.02931,0.12816,6.6493,18.834841701883114,6.6772237694834615,-25.512065471366576,32.406821254452666,,
8,2GSM,1,6,nbo,-3364.5949593,-78.05215592584558,-0.29771,-0.18427,-0.24099,0.11344,0.25598,9.4262,33.24080751356532,-4.331831923723815,-28.908975589841507,44.2656178369817,,
9,1CMQ,0,1,chloro,-3438.5999029,-78.78934451320916,-0.18325,-0.08619,-0.13472,0.09706,0.0935,4.8431,24.929897836795284,13.325321353682888,-38.25521919047817,47.56601508055407,,
10,1EBT,0,5,nbo,-3455.6026405,-85.15890216703086,-0.17188,-0.07472,-0.1233,0.09716,0.07824,3.5612,20.269141385132688,-1.3332090226815865,-18.9359323624511,27.770219178536944,,
11,1YCC,0,1,nbo,-3880.4795585,-93.56652141065122,-0.13454,-0.11088,-0.12271,0.02366,0.31821,3.8501,30.504397707808153,-8.900510591440803,-21.60388711636735,38.424800674059775,787.318,116.669
12,1F1F,1,6,nbo,-3881.2390288,-95.64500126154616,-0.29052,-0.18461,-0.23756,0.10591,0.26644,11.0158,19.747607894888027,-6.385489038229686,-13.362118856658341,24.68377418805844,,
13,1B5A,1,2,nbo,-3626.9179537,-91.99250225794108,-0.28975,-0.17462,-0.23219,0.11513,0.23413,4.8563,32.809848406573096,-12.567673772438308,-20.242174634134788,40.54846742395514,,
14,1C75,1,6,chloro,-3881.3571628,-98.07267670304664,-0.2158,-0.1011,-0.15845,0.1147,0.10944,9.1471,32.210822679011805,-6.415910234290397,-25.794912444721408,41.762166009727714,,
15,2CE0,0,5,nbo,-3880.5360466,-94.8994330384361,-0.14461,-0.07696,-0.11078,0.06765,0.09071,12.3335,37.50879576389816,13.978116603478888,-51.48691236737705,65.21655964063012,,
16,1AW3,0,1,chloro,-3627.6797476,-89.61495741801268,-0.17357,-0.06967,-0.12162,0.1039,0.07118,5.0162,46.636855420136435,-14.416439876066022,-32.22041554407041,58.489188720038,,
17,1NSI,1,6,nbo,-3535.2807454,-74.10025659215418,-0.30176,-0.19194,-0.24685,0.10982,0.27743,8.6203,41.22515179897735,-10.840869455337433,-30.384282343639917,52.34732280579802,,
18,1CCC,1,2,nbo,-3438.4146717,-78.35885726652758,-0.29431,-0.18916,-0.24174,0.10515,0.27787,8.3985,19.876214577810526,12.217882127603605,-32.09409670541413,39.67835169161714,,
19,1FJ0,1,2,nbo,-3880.3686197,-94.68874039609116,-0.28387,-0.24041,-0.26214,0.04346,0.79058,9.1795,42.36496468296337,-5.6917067505036485,-36.67325793245972,56.32151990638073,,
20,1F1F,1,2,nbo,-3881.249991,-95.64500126154616,-0.29013,-0.18254,-0.23634,0.10759,0.25957,11.0074,20.371290630360654,-4.893107089822427,-15.478183540538227,26.048150503513273,,
21,1DRM,0,1,chloro,-3361.9760591,-77.03651415275988,-0.18015,-0.08556,-0.13286,0.09459,0.0933,12.8756,21.133795192884474,14.622726851569599,-35.75652204445407,44.03396766753969,,
22,1A6G,1,6,nbo,-3475.2390596,-81.29126800533382,-0.27928,-0.20387,-0.24157,0.07541,0.38694,3.0235,35.28504918708,-13.1949809234425,-22.090068263637498,43.67050877005931,,
23,1ES1,0,1,chloro,-3627.5774264,-90.6761037310604,-0.1775,-0.07045,-0.12398,0.10705,0.07179,2.548,41.428316384115,18.456986187176383,-59.88530257129138,75.12133652692202,,
24,6U97,0,1,nbo,-3879.0465458,-94.10300441911212,-0.18136,-0.06262,-0.12199,0.11874,0.06266,8.1112,24.14635811521225,8.250341894829333,-32.396700010041585,41.23907036779988,629.766,93.3216
25,351C,0,1,chloro,-3879.3536295,-94.171333360777,-0.1762,-0.073,-0.1246,0.1032,0.07522,4.1501,13.842441088461007,1.4391175432804886,-15.281558631741495,20.66906550394198,,
26,1HRC,0,1,chloro,-3880.4971191,-94.33347452855396,-0.13671,-0.11208,-0.1244,0.02463,0.31413,6.1459,28.914185858231576,22.160816777720086,-51.07500263595166,62.73585767615286,,
27,1CYO,0,1,chloro,-3627.5400672,-91.31237178929182,-0.1672,-0.08274,-0.12497,0.08446,0.09246,4.7276,48.62663543691724,-7.2563480663595,-41.37028737055774,64.25499932532522,,
28,1VB6,1,2,nbo,-3879.1388381,-92.4836201604803,-0.27898,-0.18826,-0.23362,0.09072,0.30081,10.5651,23.63867020777149,14.250161615256069,-37.88883182302756,46.87661903514765,,
29,1FHF,0,1,chloro,-3455.422494,-78.68582126383504,-0.1609,-0.09964,-0.13027,0.06126,0.13851,4.3885,42.0983687602411,9.593716524484812,-51.69208528472591,67.35268168461293,,
30,1ES1,1,6,nbo,-3627.3103874,-90.6761037310604,-0.28276,-0.17769,-0.23023,0.10507,0.25223,3.5916,31.734991826742828,12.060170286013118,-43.795162112755946,55.41275699740667,,
31,1A6M,1,6,nbo,-3512.2653531,-80.49806321706042,-0.27525,-0.18771,-0.23148,0.08754,0.30605,3.731,34.59616972898304,-12.411982262090074,-22.18418746689297,42.931229159637304,,
32,1A6K,0,1,nbo,-3438.491317,-80.08274080311368,-0.17131,-0.08915,-0.13023,0.08216,0.10321,4.3748,28.284534184738433,-7.0502856173241675,-21.234248567414266,36.064036290412915,672.863,99.708
33,1CMT,0,5,nbo,-3438.5488998,-78.78968004259846,-0.18889,-0.09713,-0.14301,0.09176,0.11144,6.7024,32.66803124140466,-2.0021569935783035,-30.66587424782636,44.85091683789558,,
34,451C,0,1,nbo,-3879.3419661,-94.26087908811249,-0.1758,-0.07297,-0.12438,0.10283,0.07523,0.8108,35.73949450595332,-10.620438218670465,-25.119056287282852,44.956336197040656,672.092,99.5938
35,1EBT,1,2,nbo,-3455.3818818,-85.15890216703086,-0.30256,-0.18743,-0.245,0.11513,0.26067,3.9797,32.753399733884855,-8.633436303723581,-24.119963430161274,41.58237668392382,,
36,6U97,0,5,nbo,-3878.9314694,-94.10300441911212,-0.10885,-0.05181,-0.08033,0.05704,0.05656,7.9901,27.47732699372541,4.521705890582815,-31.999032884308225,42.419187031484725,,
37,1A6M,0,1,chloro,-3512.4498768,-80.4980631542816,-0.16727,-0.11119,-0.13923,0.05608,0.17283,5.1865,28.486568391356705,-10.96748957952569,-17.519078811831015,35.195007188535875,,
38,2CE0,0,5,chloro,-3880.6015064,-94.8994330384361,-0.14246,-0.07528,-0.10887,0.06718,0.08822,14.4504,44.3071001352417,15.384289457833894,-59.69138959307559,75.91348678640107,,
39,7ABA,1,2,nbo,-3536.0659564,-75.0903067724909,-0.31749,-0.263,-0.29024,0.05449,0.77301,10.7464,34.79160931521411,-11.282758119272884,-23.508851195941226,43.47899258642005,,
40,1NSI,0,1,chloro,-3535.484611,-74.10025659215418,-0.18785,-0.07388,-0.13087,0.11397,0.07513,4.8137,30.957588103480987,-6.884515898703416,-24.07307220477757,39.81559525764649,,
41,2V07,1,6,nbo,-3880.3833656,-95.07013500451028,-0.27592,-0.1834,-0.22966,0.09252,0.28504,5.8512,20.31664129114822,9.066319535361838,-29.382960826510057,36.855426333210374,,
42,1GU2,0,1,nbo,-3628.7908672,-91.195246706879,-0.1237,-0.09996,-0.11183,0.02374,0.26339,5.8865,22.60828785379348,8.362329998633253,-30.970617852426734,39.245922244827945,801.41,118.757
43,1ES1,0,1,nbo,-3627.4958318,-90.6761037310604,-0.17333,-0.06587,-0.1196,0.10746,0.06656,2.156,36.474155592077025,12.834595589949885,-49.30875118202691,62.66134225536224,,
44,2V07,1,2,nbo,-3880.3933864,-95.07013500451028,-0.27567,-0.18367,-0.22967,0.092,0.28668,5.7396,18.33406320284232,7.522183212063432,-25.85624641490575,32.577086901157315,,
45,1GIW,0,1,nbo,-3880.5096788,-93.6237537873876,-0.14855,-0.12475,-0.13665,0.0238,0.39229,6.0687,32.88151564288384,-12.681803562551046,-20.199712080332795,40.62081465501462,804.287,119.183
46,1QPU,1,2,nbo,-3879.0111397,-94.64260094311177,-0.27119,-0.2176,-0.24439,0.05359,0.55728,7.5838,46.39758730323037,-11.306737126762037,-35.09085017646833,59.26167547735448,,
47,1EBT,1,6,nbo,-3455.4123787,-85.15890216703086,-0.29902,-0.18838,-0.2437,0.11064,0.26839,4.1201,31.46362668170792,-10.934209832475052,-20.52941684923287,39.12765907636238,,
48,1GIW,0,5,nbo,-3880.5409036,-93.6237537873876,-0.15628,-0.07309,-0.11469,0.08319,0.07905,5.7003,32.39499204970342,-12.441753912178719,-19.9532381375247,40.029544869812504,,
49,1CCE,1,6,chloro,-3249.0922562,-69.36974821521096,-0.19384,-0.14478,-0.16931,0.04906,0.29215,21.1665,61.137121694046975,-21.14661629000144,-39.990505404045535,76.0537148848821,,
50,1FHF,0,1,nbo,-3455.422494,-78.68582126383504,-0.1609,-0.09964,-0.13027,0.06126,0.13851,4.3885,42.0983687602411,9.593716524484812,-51.69208528472591,67.35268168461293,718.231,106.431
51,1A6G,1,2,nbo,-3475.2857999,-81.29126800533382,-0.29842,-0.24088,-0.26965,0.05754,0.63183,6.0276,51.02028786450299,-17.541541652532906,-33.47874621197008,63.49489665903466,,
52,1CMT,1,2,nbo,-3438.3413125,-78.78968004259846,-0.30453,-0.20272,-0.25362,0.10181,0.31591,10.3841,21.034863928722952,-3.2823551776070197,-17.752508751115933,27.71986512077269,,
53,1DRM,0,1,nbo,-3361.9760591,-77.03651415275988,-0.18015,-0.08556,-0.13286,0.09459,0.0933,12.8756,21.133795192884474,14.622726851569599,-35.75652204445407,44.03396766753969,653.723,96.8718
54,2OYY,1,2,nbo,-3445.654402,-83.46057571082322,-0.31775,-0.26902,-0.29339,0.04873,0.88318,11.2562,18.85020437217538,2.2826695358384477,-21.132873908013828,28.410194379740457,,
55,1YCC,0,5,nbo,-3880.5154272,-93.56652141065122,-0.14182,-0.0728,-0.10731,0.06902,0.08342,4.6471,26.289327019576753,-9.144909314295681,-17.14441770528107,32.69081124661937,,
56,1V9Z,1,2,nbo,-3879.1920053,-91.31763364396414,-0.28392,-0.19914,-0.24153,0.08478,0.34405,7.8282,29.273958819721617,-4.511703881064598,-24.76225493865702,38.606856988574116,,
57,1VB6,0,5,nbo,-3879.3057077,-92.4836201604803,-0.16559,-0.0807,-0.12314,0.08489,0.08932,7.2849,28.938152374755703,19.74994339373788,-48.68809576849358,59.983394339453916,,
58,1JP6,0,5,nbo,-3438.5526343,-79.66363136932922,-0.17029,-0.07184,-0.12107,0.09845,0.07444,3.597,16.252285218344948,-2.9438047137732166,-13.308480504571731,21.211280356259334,,
59,2OYY,0,5,nbo,-3445.8854264,-83.46057571082322,-0.16869,-0.0821,-0.1254,0.08659,0.0908,9.9169,22.721754061825006,5.834111977744598,-28.555866039569604,36.95608820593393,,
60,1AW3,0,1,nbo,-3627.6797476,-89.61495741801268,-0.17357,-0.06967,-0.12162,0.1039,0.07118,5.0162,46.636855420136435,-14.416439876066022,-32.22041554407041,58.489188720038,690.876,102.377
61,1JP6,1,2,nbo,-3438.3492128,-79.66363136932922,-0.29917,-0.23792,-0.26854,0.06125,0.58871,8.6948,29.461717752892074,13.629171534049323,-43.0908892869414,53.949716092572935,,
62,1CCC,1,6,nbo,-3438.4086506,-78.35885726652758,-0.28838,-0.19091,-0.23964,0.09747,0.2946,8.1787,21.453719323535896,11.527408864532173,-32.98112818806807,40.99875659328522,,
63,1C6R,1,6,nbo,-3879.236462,-91.75559873376577,-0.29253,-0.17863,-0.23558,0.1139,0.24363,5.3909,22.6521114103692,1.036361658016773,-23.688473068385974,32.792315458741754,,
64,1MOH,1,6,nbo,-3761.1167047,-83.67638757550466,-0.24976,-0.17955,-0.21465,0.07021,0.32814,2.1815,22.712599092270352,6.486372381397462,-29.198971473667815,37.556825202836606,,
65,1CMT,1,6,nbo,-3438.3303575,-78.78968004259846,-0.27712,-0.22279,-0.24995,0.05433,0.57498,10.8748,24.38899458100882,-4.392204785471183,-19.996789795537637,31.843148739986624,,
66,6U97,1,6,nbo,-3878.8519996,-94.10300441911212,-0.29465,-0.17865,-0.23665,0.116,0.24139,9.9575,22.495928950353665,11.806177154394838,-34.3021061047485,42.68591244850857,,
67,2CE0,1,2,chloro,-3880.4681212,-94.8994330384361,-0.20275,-0.16088,-0.18182,0.04187,0.39475,22.9452,70.93699289272597,6.363412733544877,-77.30040562627084,105.10900385916565,,
68,351C,0,5,nbo,-3879.3148543,-94.171333360777,-0.11541,-0.07445,-0.09493,0.04096,0.11001,4.5236,18.665150534942104,-1.7609209712936966,-16.904229563648407,25.243646018349178,,
69,6K9J,1,2,nbo,-3880.1811079,-95.08082443966474,-0.28316,-0.23781,-0.26049,0.04535,0.7481,14.976,26.60927384613769,2.149349307672253,-28.758623153809943,39.23941338460594,,
70,1CXC,0,1,chloro,-3880.5351545,-94.38860945580905,-0.13304,-0.10781,-0.12043,0.02523,0.2874,3.2818,16.489394008166727,1.2240528388612049,-17.71344684702793,24.231479919034292,,
71,7ABB,1,2,nbo,-3536.0435471,-75.66498967142951,-0.30623,-0.25091,-0.27857,0.05532,0.70139,11.3953,60.44578597488094,-10.632439241162032,-49.81334673371891,79.04499552169848,,
72,1GU2,0,5,nbo,-3628.8192358,-91.195246706879,-0.14959,-0.05855,-0.10407,0.09104,0.05948,5.8116,21.47634934291191,8.034154687757464,-29.510504030669374,37.371795102495824,,
73,4MU8,1,6,nbo,-3439.5094389,-81.38141407053735,-0.27869,-0.22142,-0.25006,0.05727,0.5459,8.8811,32.568814013275954,2.5065903945725267,-35.07540440784848,47.93010156479579,,
74,1CRY,0,1,nbo,-3880.460234,-93.94658908713878,-0.1274,-0.11027,-0.11884,0.01713,0.41219,3.4894,31.9836961534496,1.7317641662564185,-33.71546031970602,46.50471042091745,769.118,113.971
75,3CCX,1,2,nbo,-3362.0357324,-75.52135802465499,-0.30197,-0.24322,-0.2726,0.05875,0.63241,9.3908,24.8133371707614,13.420308358392106,-38.233645529153506,47.51439811713055,,
76,1B5A,1,6,nbo,-3626.8961259,-91.99250225794108,-0.29055,-0.17638,-0.23346,0.11417,0.23871,5.0587,31.985667406608773,-12.541577264905104,-19.44409014170367,39.477167086513134,,
77,1A6K,0,1,chloro,-3438.491317,-80.08274080311368,-0.17131,-0.08915,-0.13023,0.08216,0.10321,4.3748,28.284534184738433,-7.0502856173241675,-21.234248567414266,36.064036290412915,,
78,1NSI,0,1,nbo,-3535.484611,-74.10025659215418,-0.18785,-0.07388,-0.13087,0.11397,0.07513,4.8137,30.957588103480987,-6.884515898703416,-24.07307220477757,39.81559525764649,597.511,88.542
79,1A6G,0,5,nbo,-3475.4502369,-81.29126800533382,-0.15907,-0.07591,-0.11749,0.08316,0.083,2.4858,29.7224779552731,-7.264996352769227,-22.457481602503872,37.95450365548528,,
80,1B5A,0,5,nbo,-3627.054655,-91.99250225794108,-0.17575,-0.06796,-0.12185,0.10779,0.06888,4.2395,37.70699467874087,-13.534193633586497,-24.172801045154372,46.7901288241721,,
81,1VB6,0,1,nbo,-3879.3293478,-92.4836201604803,-0.17982,-0.08522,-0.13252,0.0946,0.09282,7.3862,33.28011312136307,14.774999615782178,-48.05511273714525,60.29229140774818,725.488,107.506
82,1CXC,1,2,nbo,-3880.3803931,-94.38860945580905,-0.28263,-0.23579,-0.25921,0.04684,0.71723,11.7413,26.007021633140685,8.437898678074912,-34.4449203112156,43.97744698790618,,
83,2OYY,0,1,chloro,-3443.3165784,-81.10842762215906,-0.17613,-0.10629,-0.14121,0.06984,0.14276,9.5361,23.663119479490096,3.442258048479413,-27.10537752796951,36.145454138891374,,
84,1EUE,0,1,chloro,-3627.4851729,-89.07529362593753,-0.17621,-0.08508,-0.13065,0.09113,0.09365,5.0877,44.22945750462378,-12.797519870711671,-31.43193763391211,55.74933297230755,,
85,1FHF,0,5,nbo,-3455.4555316,-78.68582126383504,-0.17172,-0.07166,-0.12169,0.10006,0.074,5.3105,37.2968076273406,7.870545562627001,-45.1673531899676,59.10234463057719,,
86,1EUE,1,6,nbo,-3627.3095112,-89.07529362593753,-0.2707,-0.17726,-0.22398,0.09344,0.26845,9.7555,25.054600717133052,-7.980356828919888,-17.074243888213164,31.35201614834423,,
87,1CTJ,1,6,chloro,-3881.8017276,-95.26638651978749,-0.21985,-0.10463,-0.16224,0.11522,0.11422,9.1308,34.66996198925824,-5.950271327596216,-28.719690661662025,45.41181151319755,,
88,1FJ0,0,5,nbo,-3880.5483535,-94.68874039609116,-0.14093,-0.06576,-0.10334,0.07517,0.07104,3.9016,31.31419654996676,0.18435513403825965,-31.49855168400502,44.41589412108386,,
89,7ABB,1,6,nbo,-3536.0787114,-75.66498967142951,-0.29954,-0.20818,-0.25386,0.09136,0.3527,9.338,42.45173292383852,-1.0261365221115426,-41.42559640172698,59.32354188378928,,
90,1CCG,0,1,nbo,-3399.3141417,-76.54144206294316,-0.18724,-0.08731,-0.13727,0.09993,0.09429,7.119,27.43285103597091,20.908080958498967,-48.34093199446988,59.38480337108877,664.523,98.4721
91,1CCK,0,1,nbo,-3438.4632563,-78.52821065167974,-0.18189,-0.10026,-0.14108,0.08163,0.1219,8.8134,23.96546117573487,3.598505695378716,-27.563966871113585,36.70238197007349,684.632,101.452
92,1CPO,0,1,nbo,-3535.3101704,-72.5957249522324,-0.17842,-0.09936,-0.13889,0.07906,0.122,2.5827,19.426370599662903,-3.018765170899716,-16.407605428763187,25.606763425601265,681.439,100.979
93,2V07,0,1,nbo,-3880.5163784,-95.07013500451028,-0.12973,-0.10631,-0.11802,0.02342,0.29737,3.4673,12.504774619207037,3.40621473089665,-15.910989350103687,20.52148311329507,797.189,118.131
94,1C75,0,1,chloro,-3881.5254494,-98.07267664026782,-0.17682,-0.06044,-0.11863,0.11638,0.06046,8.4936,26.278755114703447,4.20529836312453,-30.484053477827977,40.46646786094045,,
95,6K9J,1,6,chloro,-3880.2918065,-95.08082443966474,-0.20447,-0.12279,-0.16363,0.08168,0.1639,13.7965,36.166050083868626,-2.7366088391975723,-33.429441244671054,49.32544727155125,,
96,1EBT,0,1,nbo,-3455.6017331,-85.15890216703086,-0.18528,-0.07188,-0.12858,0.1134,0.0729,3.5001,19.936338258815326,-0.12361089574784145,-19.812727363067484,28.10724156488314,631.267,93.5441
97,1CTJ,0,5,nbo,-3881.8732608,-95.26638651978749,-0.16828,-0.06921,-0.11875,0.09907,0.07116,5.6534,24.033300971553825,3.8240877838087,-27.857388755362525,36.98996230377862,,
98,451C,1,6,nbo,-3879.1507429,-94.26087908811249,-0.29803,-0.18533,-0.24168,0.1127,0.25914,4.4492,30.238570854308694,-6.358507250540601,-23.880063603768093,39.05200661627947,,
99,6K9J,1,6,nbo,-3880.1792447,-95.08082443966474,-0.27895,-0.20033,-0.23964,0.07862,0.36522,12.0429,26.58663418242976,-1.298499469252608,-25.28813471317715,36.71545961899547,,
100,1F1F,1,6,chloro,-3881.3541275,-95.64500126154616,-0.21899,-0.10896,-0.16397,0.11003,0.12218,13.49,23.688914925485584,-7.7841979903114815,-15.904716935174102,29.57563946032743,,
101,1CCG,0,5,chloro,-3399.3499709,-76.54144206294316,-0.12851,-0.10488,-0.1167,0.02363,0.28814,8.2113,34.29633130341636,26.05938693719991,-60.35571824061627,74.14946198562104,,
102,1A6K,1,6,nbo,-3438.303636,-80.08274080311368,-0.29908,-0.20821,-0.25365,0.09087,0.354,4.6152,45.4494114207347,-16.19391843658241,-29.255492984152287,56.42495779854582,,
103,1FJ0,0,1,nbo,-3880.5270025,-94.68874039609116,-0.13578,-0.11133,-0.12355,0.02445,0.31218,3.1214,31.52218522836059,1.3951519845938947,-32.917337212954486,45.59765015986657,790.114,117.083
104,4MU8,0,1,nbo,-3439.6628789,-81.38141407053735,-0.13573,-0.11011,-0.12292,0.02562,0.29487,4.9654,34.65273547747128,7.152501041027534,-41.805236518498816,54.76904369788762,762.121,112.935
105,2OYY,1,6,nbo,-3445.6809302,-83.46057571082322,-0.31068,-0.19826,-0.25447,0.11242,0.288,11.5419,17.551591400084874,2.2967611178769864,-19.84835251796186,26.594935043827572,,
106,1CYO,1,2,nbo,-3627.3655223,-91.31237178929182,-0.26994,-0.1826,-0.22627,0.08734,0.2931,7.3624,36.38127983748391,-2.7365066662926054,-33.644773171191304,49.62919254923347,,
107,1CMT,0,1,nbo,-3438.540003,-78.78968004259846,-0.19009,-0.10056,-0.14533,0.08953,0.11795,5.7389,35.56959306606265,-8.457295518382196,-27.112297547680456,45.517013028021076,694.924,102.977
108,1MOH,0,1,nbo,-3761.3385059,-83.67638757550466,-0.1684,-0.06298,-0.11569,0.10542,0.06348,4.6143,8.744418315644136,-1.2113626522323413,-7.533055663411795,11.605135879525777,657.523,97.4349
109,1F1F,0,5,nbo,-3881.4196797,-95.64500126154616,-0.17352,-0.07497,-0.12424,0.09855,0.07832,9.2322,24.456697091035245,-1.8400165720518018,-22.616680518983443,33.362103220358314,,
110,1JP6,0,1,nbo,-3438.4935341,-79.66363136932922,-0.15456,-0.09723,-0.1259,0.05733,0.13823,3.6011,17.916237482207983,-3.88198121608732,-14.034256266120662,23.087262545561348,689.946,102.24
111,1DJ1,0,1,nbo,-3438.6038188,-78.6325274498695,-0.18873,-0.08504,-0.13689,0.10369,0.09035,4.3771,53.38710719211604,-0.12263095948699032,-53.26447623262905,75.4142074216193,661.55,98.0316
112,351C,1,2,nbo,-3879.175671,-94.171333360777,-0.29697,-0.18271,-0.23984,0.11426,0.25172,6.1243,7.130679281143064,1.6501839010308812,-8.780863182173945,11.431240198326655,,
113,1AW3,0,5,nbo,-3627.6634705,-89.61495741801268,-0.17755,-0.07264,-0.1251,0.10491,0.07458,4.9315,49.260574490265796,-16.569420616002752,-32.691153874263044,61.39919739126713,,
114,1ES1,1,6,chloro,-3627.4249789,-90.6761037310604,-0.21716,-0.1081,-0.16263,0.10906,0.12126,2.5347,38.14071598170601,17.519270798719063,-55.65998678042507,69.7113562722252,,
115,2GSM,0,1,nbo,-3364.7508535,-78.05215592584558,-0.18385,-0.06765,-0.12575,0.1162,0.06804,7.3032,22.66536013869494,8.879171092292058,-31.544531230986998,39.844895282653845,620.498,91.9484
116,1CCE,0,1,chloro,-3249.2811148,-69.36974821521096,-0.18908,-0.10784,-0.14846,0.08124,0.13565,9.797,29.959027681064935,16.58085870351368,-46.539886384578615,57.7791419080466,,
117,1VB6,1,6,nbo,-3879.0673242,-92.4836201604803,-0.23306,-0.18387,-0.20847,0.04919,0.44173,10.1813,29.190633149264674,16.42645060534249,-45.617083754607165,56.593636333244675,,
118,2GSM,0,1,chloro,-3364.7508535,-78.05215592584558,-0.18385,-0.06765,-0.12575,0.1162,0.06804,7.3032,22.66536013869494,8.879171092292058,-31.544531230986998,39.844895282653845,,
119,351C,1,6,nbo,-3879.1641009,-94.171333360777,-0.2985,-0.18518,-0.24184,0.11332,0.25806,6.3669,7.746790489777733,0.8207699223183598,-8.567560412096093,11.579702827482638,,
120,3CCX,0,1,chloro,-3362.2323393,-75.52135802465499,-0.18828,-0.08217,-0.13523,0.10611,0.08616,5.1473,25.96056075592487,16.318535767160274,-42.279096523085144,52.22803200537531,,
121,7ABB,0,5,nbo,-3536.2643737,-75.66498967142951,-0.18323,-0.08309,-0.13316,0.10014,0.08853,6.7254,34.0864137061556,-12.902332513559841,-21.184081192595755,42.15589018193872,,
122,1A6G,0,1,chloro,-3475.4717259,-81.29126800533382,-0.16762,-0.09782,-0.13272,0.0698,0.12618,3.8308,28.3143777153185,-9.751172562397123,-18.563205152921377,35.23325042267011,,
123,1CCG,0,1,chloro,-3399.3141417,-76.54144206294316,-0.18724,-0.08731,-0.13727,0.09993,0.09429,7.119,27.43285103597091,20.908080958498967,-48.34093199446988,59.38480337108877,,
124,1QPU,1,2,chloro,-3879.1108271,-94.64260094311177,-0.20224,-0.14843,-0.17534,0.05381,0.28566,9.5046,61.88146715815878,-14.487064757915071,-47.394402400243706,79.2806432984908,,
125,1CCG,1,6,chloro,-3399.2288506,-76.54144206294316,-0.22088,-0.11875,-0.16981,0.10213,0.14118,14.069,41.41576576352365,5.485090304977092,-46.900856068500744,62.809570683065765,,
126,1CCK,0,5,nbo,-3438.4681871,-78.52821065167974,-0.17502,-0.08621,-0.13062,0.08881,0.09605,8.4346,23.153963507889582,3.2797201453229867,-26.43368365321257,35.293090284564734,,
127,1JDL,0,1,nbo,-3879.4054453,-93.34748006882049,-0.18688,-0.07928,-0.13308,0.1076,0.0823,10.9959,39.125515702497964,11.137549200131481,-50.263064902629445,64.6624054190509,711.88,105.49
128,1A6G,0,1,nbo,-3475.4717259,-81.29126800533382,-0.16762,-0.09782,-0.13272,0.0698,0.12618,3.8308,28.3143777153185,-9.751172562397123,-18.563205152921377,35.23325042267011,686.81,101.775
129,1CCG,1,6,nbo,-3399.1213577,-76.54144206294316,-0.29603,-0.19456,-0.2453,0.10147,0.29649,12.4812,37.48267735623873,-2.3000620306535637,-35.18261532558517,51.459283013707505,,
130,1V9Z,0,5,nbo,-3879.296032,-91.39771269975272,-0.16813,-0.08506,-0.1266,0.08307,0.09646,8.4399,27.114229399025604,8.693268884896668,-35.80749828392227,45.74856602300442,,
131,1A6K,1,2,nbo,-3438.2771778,-80.08274080311368,-0.27617,-0.22419,-0.25018,0.05198,0.60206,2.7231,33.88645337426602,-13.31517662064444,-20.57127675362158,41.81821466776591,,
132,7ABB,1,6,chloro,-3536.1785423,-75.66498967142951,-0.22026,-0.12554,-0.1729,0.09472,0.1578,10.7307,45.31154139669861,-6.191916836647771,-39.11962456005084,60.181563984130776,,
133,1V9Z,0,1,chloro,-3879.3065383,-91.39771269975272,-0.18473,-0.0876,-0.13617,0.09713,0.09544,7.9086,29.883260897038294,5.844605109954276,-35.72786600699257,46.943041019360656,,
134,1DJ1,0,5,nbo,-3438.6083842,-78.6325274498695,-0.18376,-0.08549,-0.13462,0.09827,0.09221,4.439,52.9576449068721,0.06731144952274803,-53.024956356394846,74.94106138500555,,
135,1CCE,0,5,chloro,-3249.2608258,-69.36974821521096,-0.15953,-0.09931,-0.12942,0.06022,0.13907,6.3323,43.17802071877883,6.124900592989242,-49.302921311768074,65.82274629897852,,
136,6XCX,0,1,nbo,-3535.0680424,-72.70275673289008,-0.19924,-0.10934,-0.15429,0.0899,0.1324,7.1967,32.508563340871,13.890544066884367,-46.399107407755366,58.33207585195213,614.695,91.0884
137,1CRY,0,1,chloro,-3880.460234,-93.94658908713878,-0.1274,-0.11027,-0.11884,0.01713,0.41219,3.4894,31.9836961534496,1.7317641662564185,-33.71546031970602,46.50471042091745,,
138,1JP9,0,1,nbo,-3438.4917978,-80.45907291613732,-0.15478,-0.09966,-0.12722,0.05512,0.14682,6.3832,18.809174331220525,-1.325091284372526,-17.484083046848,25.714471916087305,691.086,102.408
139,1JBQ,0,1,chloro,-3800.4874641,-86.09542409503317,-0.18091,-0.1027,-0.1418,0.07821,0.12856,11.8271,35.11113577133645,2.6036321481046016,-37.71476791944105,51.594325988546835,,
140,6K9J,0,1,nbo,-3880.3662193,-95.08082443966474,-0.13734,-0.1111,-0.12422,0.02624,0.29403,7.371,48.10805224270325,-0.836497994852401,-47.27155424785085,67.45134735859294,807.946,119.725
141,1VB6,0,1,chloro,-3879.3293478,-92.4836201604803,-0.17982,-0.08522,-0.13252,0.0946,0.09282,7.3862,33.28011312136307,14.774999615782178,-48.05511273714525,60.29229140774818,,
142,1C6R,1,2,nbo,-3879.2344386,-91.75559873376577,-0.29042,-0.19079,-0.24061,0.09963,0.29053,5.2668,19.764163485172297,2.7384064686117604,-22.502569953784057,30.074685072885078,,
143,2GSM,1,2,nbo,-3364.5594399,-78.05215592584558,-0.29909,-0.22453,-0.26181,0.07456,0.45966,9.5585,33.07302994743837,-4.312639256647742,-28.76039069079063,44.040711165341676,,
144,1CCC,0,1,nbo,-3438.5981983,-78.35885726652758,-0.17778,-0.08193,-0.12985,0.09585,0.08796,3.9883,27.61107362734178,12.509279586279867,-40.12035321362165,50.28415463254626,682.992,101.209
145,1CTJ,0,5,chloro,-3881.9364523,-95.26638651978749,-0.16859,-0.06949,-0.11904,0.0991,0.0715,6.6736,28.844727541251935,2.8866224773580527,-31.731350018609987,42.97940751405709,,
146,451C,0,5,nbo,-3879.3039612,-94.26087908811249,-0.11729,-0.0716,-0.09445,0.04569,0.09761,1.1839,40.204199803361035,-10.905940393754591,-29.298259409606445,50.92843235495567,,
147,1HRC,1,6,nbo,-3880.3547244,-94.33347452855396,-0.28207,-0.19187,-0.23697,0.0902,0.31128,10.6562,27.70573230105132,11.46272653334654,-39.16845883439786,49.3271717147631,,
148,1ES1,0,5,chloro,-3627.543555,-90.6761037310604,-0.11525,-0.06709,-0.09117,0.04816,0.0863,4.181,46.674197125785504,11.088158405998037,-57.76235553178354,75.08606827192193,,
149,1JP6,0,1,chloro,-3438.4935341,-79.66363136932922,-0.15456,-0.09723,-0.1259,0.05733,0.13823,3.6011,17.916237482207983,-3.88198121608732,-14.034256266120662,23.087262545561348,,
150,451C,1,2,nbo,-3879.1644396,-94.26087908811249,-0.29645,-0.1828,-0.23962,0.11365,0.25262,4.3329,30.984391817616284,-7.280612783247264,-23.70377903436902,39.685123166918174,,
151,1YCC,1,6,nbo,-3880.332288,-93.56652141065122,-0.28312,-0.19998,-0.24155,0.08314,0.35089,7.0159,20.336141086258937,-2.2952843153440305,-18.040856770914907,27.281852537102683,,
152,1CMQ,0,5,nbo,-3438.6003682,-78.78934451320916,-0.18214,-0.08956,-0.13585,0.09258,0.09967,5.2549,24.80056067838048,11.863613441646304,-36.664174120026786,45.82657305274403,,
153,1CCE,1,2,nbo,-3249.000766,-69.36974821521096,-0.30302,-0.21753,-0.26028,0.08549,0.3962,15.0898,54.699847257701855,-19.584791285644506,-35.11505597205735,67.88743992489222,,
154,1MOH,1,2,nbo,-3761.1351174,-83.67638757550466,-0.27385,-0.17484,-0.22434,0.09901,0.25417,2.4307,21.65517480443456,9.409023795917772,-31.06419860035233,39.01872321292306,,
155,451C,1,6,chloro,-3879.2487762,-94.26087908811249,-0.22391,-0.11181,-0.16786,0.1121,0.12568,3.7549,35.838640994662185,-7.205514344860781,-28.633126649801405,46.4347237211749,,
156,1CCE,1,2,chloro,-3249.1158418,-69.36974821521096,-0.22294,-0.14189,-0.18241,0.08105,0.20528,18.9318,76.00062260183343,-29.83540662804814,-46.16521597378529,93.79484682237894,,
157,2V07,0,5,nbo,-3880.5502777,-95.07013500451028,-0.14335,-0.07139,-0.10737,0.07196,0.0801,4.1028,11.892942167397925,5.821000440851675,-17.7139426082496,22.115828771670024,,
158,1CCE,1,6,nbo,-3248.9781263,-69.36974821521096,-0.27761,-0.22794,-0.25278,0.04967,0.6432,17.05,50.27264527508337,-11.809667329688892,-38.46297794539448,64.39105357254313,,
159,4MU8,1,2,nbo,-3439.4951711,-81.38141407053735,-0.27284,-0.23262,-0.25273,0.04022,0.79404,15.7196,19.61161168549961,11.36418325106079,-30.9757949365604,38.383067175752856,,
160,1DRM,1,6,nbo,-3361.7946472,-77.03651415275988,-0.29337,-0.20462,-0.249,0.08875,0.34929,14.7609,27.614254335925345,11.838730415797414,-39.45298475172276,49.59073084969374,,
161,1A6K,0,5,nbo,-3438.5012385,-80.08274080311368,-0.17266,-0.09158,-0.13212,0.08108,0.10764,4.2376,28.198333182317274,-7.505362854253871,-20.692970328063403,35.77255212215127,,
162,1MOH,0,5,nbo,-3761.3001182,-83.67638757550466,-0.10887,-0.06348,-0.08618,0.04539,0.0818,5.1738,9.817711096969308,-3.139396974950267,-6.678314122019041,12.281821691517917,,
163,1C6R,0,5,nbo,-3879.374987,-91.75559873376577,-0.11146,-0.09116,-0.10131,0.0203,0.2528,2.6406,15.14025798334462,12.998716518562096,-28.138974501906716,34.496317576683204,,
164,7ABB,1,2,chloro,-3536.1424116,-75.66498967142951,-0.22541,-0.1679,-0.19665,0.05751,0.33623,13.8357,73.24564453108752,-21.029055087135482,-52.21658944395204,92.37812410841896,,
165,1JDL,1,2,nbo,-3879.2149036,-93.34748006882049,-0.29337,-0.18765,-0.24051,0.10572,0.27358,12.8625,31.327084498025506,14.20076172823157,-45.527846226257076,57.059903950235885,,
166,7ABA,1,6,chloro,-3536.1980046,-75.0903067724909,-0.23493,-0.14018,-0.18755,0.09475,0.18563,11.9123,41.247770048309434,-10.76887120420951,-30.478898844099923,52.40525160439497,,
167,1C6R,0,5,chloro,-3879.4385769,-91.75559873376577,-0.11425,-0.09216,-0.10321,0.02209,0.24109,2.6945,19.26769553193801,14.415647878316804,-33.683343410254814,41.39592513951392,,
168,1CPO,1,6,nbo,-3535.1610509,-72.5957249522324,-0.28995,-0.2142,-0.25207,0.07575,0.41942,13.3003,30.34367472534589,8.684881616867056,-39.028556342212944,50.193565089868414,,
169,1AW3,1,6,nbo,-3627.4989357,-89.61495741801268,-0.29336,-0.17995,-0.23666,0.11341,0.24692,8.3028,35.294885987038214,-12.169187669955761,-23.125698317082453,43.91601106700539,,
170,1C6R,1,2,chloro,-3879.3341922,-91.75559873376577,-0.21884,-0.11623,-0.16753,0.10261,0.13677,4.9752,22.143005077620813,5.62544881551014,-27.768453893130953,35.95894017811587,,
171,1QPU,0,1,nbo,-3879.195683,-94.64260094311177,-0.16396,-0.08672,-0.12534,0.07724,0.1017,5.2631,22.406064575200315,11.416316194432799,-33.822380769633114,42.14638120181408,747.553,110.776
172,1JBQ,0,5,nbo,-3800.5025952,-86.09542409503317,-0.17632,-0.0924,-0.13436,0.08392,0.10756,12.0538,31.460958444097844,4.351263660990011,-35.812222105087855,47.86690562145048,,
173,1FJ0,0,1,chloro,-3880.5270025,-94.68874039609116,-0.13578,-0.11133,-0.12355,0.02445,0.31218,3.1214,31.52218522836059,1.3951519845938947,-32.917337212954486,45.59765015986657,,
174,1CCE,0,1,nbo,-3249.2073551,-69.36974821521096,-0.18567,-0.11356,-0.14961,0.07211,0.15521,6.5396,23.283015298041217,16.26261408595302,-39.54562938399424,48.68704367338077,,
175,451C,0,1,chloro,-3879.3419661,-94.26087908811249,-0.1758,-0.07297,-0.12438,0.10283,0.07523,0.8108,35.73955689495344,-10.620512050194055,-25.119044844759383,44.95639684370806,,
176,1JP6,1,6,nbo,-3438.350182,-79.66363136932922,-0.27729,-0.21141,-0.24435,0.06588,0.45315,3.3476,23.889690504161575,6.78920481817995,-30.678895322341525,39.471574995774034,,
177,1C75,0,5,chloro,-3881.4594694,-98.07267664026782,-0.10638,-0.07463,-0.09051,0.03175,0.12899,8.5285,22.883143602882807,7.959310579192639,-30.842454182075446,39.22047763630151,,
178,1CCE,0,5,nbo,-3249.1908314,-69.36974821521096,-0.16582,-0.10329,-0.13456,0.06253,0.14477,5.5919,35.3375003043871,6.0948606703374395,-41.43236097472454,54.795317229606965,,
179,1EUE,1,2,nbo,-3627.3251477,-89.07529362593753,-0.29102,-0.17769,-0.23435,0.11333,0.24231,9.1676,29.53244849257145,-8.501608482874971,-21.03084000969648,37.23894590715382,,
180,1A6M,0,1,nbo,-3512.4498768,-80.4980631542816,-0.16727,-0.11119,-0.13923,0.05608,0.17283,5.1865,28.486568391356705,-10.96748957952569,-17.519078811831015,35.195007188535875,682.826,101.184
181,1HRC,0,1,nbo,-3880.4971191,-94.33347452855396,-0.13671,-0.11208,-0.1244,0.02463,0.31413,6.1459,28.914185858231576,22.160816777720086,-51.07500263595166,62.73585767615286,787.282,116.663
182,6XCX,0,5,nbo,-3535.0710569,-72.70275673289008,-0.13327,-0.10442,-0.11885,0.02885,0.24479,4.3649,35.32259792393465,15.695794159671792,-51.01839208360644,64.00718873060538,,
183,1CTJ,0,1,chloro,-3881.8978039,-95.26638651978749,-0.17997,-0.06395,-0.12196,0.11602,0.0641,5.5992,23.709092919104123,4.996308359101402,-28.705401278205525,37.564401323709966,,
184,1JDL,0,5,nbo,-3879.3609744,-93.34748006882049,-0.12159,-0.08404,-0.10282,0.03755,0.14076,10.8827,41.2740134621355,9.107072431964838,-50.38108589410034,65.76273086956101,,
185,1HRC,1,2,nbo,-3880.3441691,-94.33347452855396,-0.28601,-0.23551,-0.26076,0.0505,0.67323,14.0066,47.38081993579254,0.10796065151761525,-47.48878058731015,67.08306816894974,,
186,6XCX,0,1,chloro,-3535.0680424,-72.70275673289008,-0.19924,-0.10934,-0.15429,0.0899,0.1324,7.1967,32.508563340871,13.890544066884367,-46.399107407755366,58.33207585195213,,
187,6U97,1,2,nbo,-3878.8634222,-94.10300441911212,-0.29346,-0.17643,-0.23495,0.11703,0.23583,9.6889,22.795177055655852,10.710549346092687,-33.50572640174854,41.916221991045596,,
188,1EUE,0,5,nbo,-3627.4583814,-89.07529362593753,-0.11346,-0.07983,-0.09665,0.03363,0.13887,3.9672,51.88307814598822,-22.571400744886333,-29.31167740110189,63.72202418371158,,
189,1DRM,0,5,nbo,-3361.9813437,-77.03651415275988,-0.13292,-0.07195,-0.10243,0.06097,0.08605,13.6645,19.50770031270048,15.737236218016108,-35.244936530716586,43.24831241015092,,
190,1FJ0,1,6,nbo,-3880.3813927,-94.68874039609116,-0.28339,-0.19512,-0.23925,0.08827,0.32425,6.9035,29.762590014703143,-0.8516837258312826,-28.91090628887186,41.50153770640413,,
191,1CCC,0,5,nbo,-3438.5884377,-78.35885726652758,-0.18101,-0.08345,-0.13223,0.09756,0.08961,4.3505,28.577236744269342,9.831298544577002,-38.408535288846345,48.872573822941995,,
192,1CTJ,1,2,nbo,-3881.7160231,-95.26638651978749,-0.29279,-0.17771,-0.23525,0.11508,0.24045,7.9006,29.403420593468606,-5.570654524543535,-23.83276606892507,38.2569480491906,,
193,1A6M,0,5,nbo,-3512.4855513,-80.49806321706042,-0.17179,-0.07832,-0.12505,0.09347,0.08366,4.8283,31.510731920430928,-11.63024865453092,-19.880483265900008,39.03104568339494,,
194,2CE0,0,1,nbo,-3880.5177755,-94.8994330384361,-0.13361,-0.11058,-0.1221,0.02303,0.32365,11.6882,41.08746634752966,13.801975529112028,-54.88944187664169,69.93943986689354,796.077,117.966
195,1V9Z,1,6,nbo,-3879.2084237,-91.31763364396414,-0.28637,-0.18113,-0.23375,0.10524,0.25959,8.1198,29.03220996726528,-5.3489399167021645,-23.683270050563117,37.84676543779887,,
196,1MOH,0,1,chloro,-3761.3385059,-83.67638757550466,-0.1684,-0.06298,-0.11569,0.10542,0.06348,4.6143,8.744418315644136,-1.2113626522323413,-7.533055663411795,11.605135879525777,,
197,1A6M,1,2,nbo,-3512.2898771,-80.49806321706042,-0.30166,-0.21533,-0.25849,0.08633,0.387,5.7808,50.956590496868124,-14.715269830062951,-36.24132066680517,64.23820206786047,,
198,1F1F,0,5,chloro,-3881.4965509,-95.64500126154616,-0.17307,-0.0735,-0.12329,0.09957,0.07632,11.4557,28.647270201862153,-4.7947860268058555,-23.852484175056297,37.58453226184437,,
199,1CCK,0,5,chloro,-3438.5346996,-78.52821065167974,-0.17597,-0.08664,-0.13131,0.08933,0.0965,10.7301,28.35870866071364,2.571775256420583,-30.93048391713422,42.04194596139516,,
200,1DJ1,1,2,nbo,-3438.3831737,-78.6325274498695,-0.30489,-0.20507,-0.25498,0.09982,0.32566,8.711,46.61491395054986,-1.50209487347783,-45.11281907707203,64.88738657402001,,
201,1QPU,0,1,chloro,-3879.2598584,-94.64260094311177,-0.1676,-0.09021,-0.1289,0.07739,0.10736,7.2748,25.829425078549118,13.694235436535632,-39.52366051508475,49.16107222032971,,
202,2OYY,1,2,chloro,-3445.7638159,-83.46057571082322,-0.23788,-0.18695,-0.21242,0.05093,0.44296,12.9079,21.22996166439067,4.910390496253683,-26.140352160644355,34.03147393486947,,
203,7ABA,0,5,chloro,-3536.3601846,-75.0903067724909,-0.18429,-0.08292,-0.13361,0.10137,0.08805,7.3711,40.47371669186297,0.35034993341933074,-40.8240666252823,57.48781526336274,,
204,1CXC,0,5,nbo,-3880.5640744,-94.38860945580905,-0.15099,-0.06817,-0.10958,0.08282,0.07249,4.0132,17.98801340507298,1.3683441453837162,-19.356357550456696,26.459583700096513,,
205,1C75,0,1,nbo,-3881.4704347,-98.07267664026782,-0.17273,-0.0565,-0.11461,0.11623,0.05651,6.5556,21.428822470279062,4.532156984054058,-25.96097945433312,33.96626757111711,,
206,1C6R,1,6,chloro,-3879.3355584,-91.75559873376577,-0.22048,-0.10607,-0.16328,0.11441,0.11651,5.1672,25.61725668947375,2.8221557395260035,-28.439412428999752,38.37979393664422,,
207,7ABA,0,5,nbo,-3536.3020029,-75.0903067724909,-0.18578,-0.08469,-0.13523,0.10109,0.09046,6.4159,33.84719644976319,1.2978715325384158,-35.145067982301605,48.81078755259371,,
208,1AW3,1,2,nbo,-3627.5052531,-89.61495741801268,-0.29308,-0.1792,-0.23614,0.11388,0.24483,8.3241,36.16428198476302,-12.79331314458824,-23.370968840174783,44.91910882038256,,
209,1C6R,0,1,nbo,-3879.4225662,-91.75559873376577,-0.1813,-0.06409,-0.12269,0.11721,0.06422,2.4976,15.750431218015201,10.822338105725457,-26.57276932374066,32.730889923141376,671.191,99.4602
210,1CYO,0,1,nbo,-3627.5400672,-91.31237178929182,-0.1672,-0.08274,-0.12497,0.08446,0.09246,4.7276,48.62663543691724,-7.2563480663595,-41.37028737055774,64.25499932532522,728.357,107.931
211,1F1F,1,2,chloro,-3881.3655652,-95.64500126154616,-0.21828,-0.10728,-0.16278,0.111,0.11936,13.4331,24.897882007994347,-6.15092690591716,-18.746955102077187,31.76769988345461,,
212,1CYO,0,5,nbo,-3627.5212398,-91.31237178929182,-0.11242,-0.05553,-0.08398,0.05689,0.06198,4.7221,56.95483701704335,-5.658634680864033,-51.29620233617932,76.85814192526188,,
213,1GU2,1,2,nbo,-3628.6871517,-91.195246706879,-0.27174,-0.18048,-0.22611,0.09126,0.28011,5.7965,22.988267685602,-0.5352268996628382,-22.453040785939162,32.13854320833574,,
214,1EBT,0,1,chloro,-3455.6017331,-85.15890216703086,-0.18528,-0.07188,-0.12858,0.1134,0.0729,3.5001,19.936338258815326,-0.12361089574784145,-19.812727363067484,28.10724156488314,,
215,1DJ1,0,1,chloro,-3438.6038188,-78.6325274498695,-0.18873,-0.08504,-0.13689,0.10369,0.09035,4.3771,53.38710719211604,-0.12263095948699032,-53.26447623262905,75.4142074216193,,
216,1JP9,1,2,nbo,-3438.3257162,-80.45907291613732,-0.29914,-0.2363,-0.26772,0.06284,0.57029,10.0773,41.23505789803242,-6.2183992213104915,-35.01665867672193,54.45332747970253,,
217,1C6R,0,1,chloro,-3879.4225662,-91.75559873376577,-0.1813,-0.06409,-0.12269,0.11721,0.06422,2.4976,15.750431218015201,10.822338105725457,-26.57276932374066,32.730889923141376,,
218,6U97,0,1,chloro,-3879.0465458,-94.10300441911212,-0.18136,-0.06262,-0.12199,0.11874,0.06266,8.1112,24.14635811521225,8.250341894829333,-32.396700010041585,41.23907036779988,,
219,1GIW,1,2,nbo,-3880.3774986,-93.6237537873876,-0.29552,-0.18872,-0.24212,0.1068,0.27445,6.3437,35.395155923214084,-7.442320900636549,-27.952835022577535,45.7117729804492,,
220,1CCC,0,1,chloro,-3438.5981983,-78.35885726652758,-0.17778,-0.08193,-0.12985,0.09585,0.08796,3.9883,27.61107362734178,12.509279586279867,-40.12035321362165,50.28415463254626,,
221,3CCX,1,6,nbo,-3362.018434,-75.52135802465499,-0.25487,-0.22443,-0.23965,0.03044,0.94337,11.344,19.070280005638445,16.89395803556276,-35.964238041201206,44.073890405601745,,
222,1ES1,1,2,nbo,-3627.3208241,-90.6761037310604,-0.28203,-0.17517,-0.2286,0.10686,0.24452,3.6296,32.07429727450357,12.287694147494804,-44.361991421998376,56.10467229726525,,
223,1QPU,1,6,chloro,-3879.0871971,-94.64260094311177,-0.18486,-0.14567,-0.16526,0.03919,0.34846,12.0762,21.814672348738362,5.668092949345734,-27.482765298084097,35.54306679126643,,
224,1CCG,0,5,nbo,-3399.2813109,-76.54144206294316,-0.12826,-0.10767,-0.11797,0.02059,0.33792,7.1563,29.499951108609846,21.73553472550262,-51.23548583411247,62.99012295212905,,
225,2CE0,0,1,chloro,-3880.5177755,-94.8994330384361,-0.13361,-0.11058,-0.1221,0.02303,0.32365,11.6882,41.08746634752966,13.801975529112028,-54.88944187664169,69.93943986689354,,
226,1CXC,0,1,nbo,-3880.5351545,-94.38860945580905,-0.13304,-0.10781,-0.12043,0.02523,0.2874,3.2818,16.489394008166727,1.2240528388612049,-17.71344684702793,24.231479919034292,785.719,116.431
227,4MU8,0,1,chloro,-3439.6628789,-81.38141407053735,-0.13573,-0.11011,-0.12292,0.02562,0.29487,4.9654,34.65273547747128,7.152501041027534,-41.805236518498816,54.76904369788762,,
228,1CTJ,0,1,nbo,-3878.0124063,-91.96330455621916,-0.17627,-0.10756,-0.14192,0.06871,0.14656,9.7205,38.227842512791824,-6.904045057092194,-31.32379745569963,49.902044731442295,701.505,103.952
229,1F1F,0,1,nbo,-3881.4386833,-95.64500126154616,-0.1791,-0.07173,-0.12541,0.10737,0.07325,9.1415,24.82417510796468,-2.292979749917574,-22.531195358047107,33.60285985813566,,
230,6K9J,0,5,chloro,-3880.4266354,-95.08082443966474,-0.13949,-0.06948,-0.10448,0.07001,0.07797,9.7324,44.46136028238539,-4.623245027794475,-39.83811525459092,59.87706054730119,,
231,7ABA,1,6,nbo,-3536.0966329,-75.0903067724909,-0.31453,-0.22169,-0.26811,0.09284,0.38713,10.4997,35.546111624057545,-11.84704011237362,-23.699071511683925,44.334235095804424,,
232,1DRM,1,2,nbo,-3361.7612117,-77.03651415275988,-0.30132,-0.20075,-0.25104,0.10057,0.31331,13.8438,29.191879748585976,12.7487645565907,-41.940644305176676,52.66606576495802,,
233,1B5A,0,1,nbo,-3627.0853422,-91.99250225794108,-0.16556,-0.06365,-0.11461,0.10191,0.06444,4.1104,37.15194741934202,-12.75034841756759,-24.401599001774432,46.24150317260806,685.097,101.521
234,1C75,1,6,nbo,-3881.2677265,-98.07267664026782,-0.28734,-0.17324,-0.23029,0.1141,0.2324,7.3232,28.849297927268797,-8.38143331626921,-20.467864610999587,36.35194488697396,,
235,3CCX,0,5,nbo,-3362.2613768,-75.52135802465499,-0.17727,-0.08164,-0.12946,0.09563,0.08762,5.4167,26.44021467052905,16.13392776423046,-42.57414243475951,52.64927524863987,,
236,1JBQ,1,2,nbo,-3800.2766541,-86.09542409503317,-0.27657,-0.21029,-0.24343,0.06628,0.44703,12.319,27.854290239333338,-0.41375386561738736,-27.44053637371595,39.10263051755995,,
237,1GU2,0,1,chloro,-3628.7908672,-91.195246706879,-0.1237,-0.09996,-0.11183,0.02374,0.26339,5.8865,22.60828785379348,8.362329998633253,-30.970617852426734,39.245922244827945,,
238,1NSI,0,5,nbo,-3535.4856336,-74.10025659215418,-0.1707,-0.07678,-0.12374,0.09392,0.08151,4.7192,30.237775122113728,-7.959429806176637,-22.27834531593709,38.392710729917326,,
239,1CTJ,1,6,nbo,-3881.7003756,-95.26638651978749,-0.2943,-0.17961,-0.23695,0.11469,0.24478,7.967,30.774502658906556,-6.5915167092290154,-24.18298594967754,39.690488985062814,,
240,1A6G,1,6,chloro,-3475.3338067,-81.29126800533382,-0.20453,-0.128,-0.16626,0.07653,0.18061,2.4694,41.03357764313611,-16.921591216653677,-24.111986426482435,50.51220281208973,,
241,1C75,1,2,nbo,-3881.2616558,-98.07267664026782,-0.28204,-0.17331,-0.22768,0.10873,0.23837,7.2859,31.581448592034732,-13.341815576652344,-18.23963301538239,38.833956154228765,,
242,1CMQ,1,2,nbo,-3438.4082125,-78.78934451320916,-0.29096,-0.19341,-0.24218,0.09755,0.30063,9.5523,22.236940511922107,10.218232442259499,-32.455172954181606,40.64765733737926,,
243,1CPO,0,5,nbo,-3535.3522155,-72.5957249522324,-0.14465,-0.10994,-0.12729,0.03471,0.23342,2.7649,19.333724983803243,-5.2919464017527,-14.041778582050544,24.47384653493795,,
244,2CE0,1,6,nbo,-3880.3793638,-94.8994330384361,-0.28078,-0.18719,-0.23398,0.09359,0.29249,14.3941,32.701014891343135,10.712917974998184,-43.41393286634132,55.39758616930954,,
245,351C,1,6,chloro,-3879.2601696,-94.171333360777,-0.22421,-0.11155,-0.16788,0.11266,0.12508,6.7194,7.039687285020899,3.739354288999558,-10.779041574020457,13.406256182245874,,
246,1A6K,0,5,chloro,-3438.5668936,-80.08274080311368,-0.17419,-0.09283,-0.13351,0.08136,0.10954,6.4257,33.8346131688866,-9.73053031969959,-24.10408284918701,42.666978784433034,,
247,1GIW,1,6,nbo,-3880.3571113,-93.6237537873876,-0.28916,-0.21931,-0.25423,0.06985,0.46267,5.9799,34.974123173610025,-9.147574982581368,-25.826548191028657,44.42834693400509,,
248,7ABA,1,2,chloro,-3536.1661108,-75.0903067724909,-0.23573,-0.1748,-0.20527,0.06093,0.34576,12.2861,39.93181428088106,-8.287787384301769,-31.644026896579295,51.61958591195402,,
249,6XCX,1,2,nbo,-3534.8484443,-72.70275673289008,-0.31043,-0.23772,-0.27407,0.07271,0.51655,9.5638,32.942485060905646,18.229243959858074,-51.17172902076372,63.52998117668922,,
250,1CCG,1,2,nbo,-3399.1177668,-76.54144206294316,-0.30209,-0.19694,-0.24952,0.10515,0.29604,12.5756,37.59477990376225,-1.3515404901840498,-36.2432394135782,52.23759700540293,,
251,1ES1,0,5,nbo,-3627.4613949,-90.6761037310604,-0.10977,-0.06186,-0.08582,0.04791,0.07685,3.0407,41.16231851574894,7.112969680937795,-48.27528819668674,63.83912792126057,,
252,1CCC,1,6,chloro,-3438.5154709,-78.35885726652758,-0.217,-0.11711,-0.16706,0.09989,0.13969,9.1077,23.10072152659162,17.34524000637189,-40.44596153296351,49.70288211214457,,
253,2V07,0,1,chloro,-3880.5163784,-95.07013500451028,-0.12973,-0.10631,-0.11802,0.02342,0.29737,3.4673,12.504774619207037,3.40621473089665,-15.910989350103687,20.52148311329507,,
254,1FHF,1,6,nbo,-3455.2753996,-78.68582126383504,-0.27867,-0.18374,-0.2312,0.09493,0.28155,9.5948,26.23948203547485,10.328073870334727,-36.56755590580958,46.17754510891205,,
255,1V9Z,0,1,nbo,-3879.3065383,-91.39771269975272,-0.18473,-0.0876,-0.13617,0.09713,0.09544,7.9086,29.883260897038294,5.844605109954276,-35.72786600699257,46.943041019360656,729.568,108.111
256,1QPU,0,5,nbo,-3879.1847871,-94.64260094311177,-0.11382,-0.06274,-0.08828,0.05108,0.07629,3.9321,29.35033684788415,15.70838927197628,-45.05872611986043,56.02217920616014,,
257,1CCG,1,2,chloro,-3399.2255964,-76.54144206294316,-0.2253,-0.1209,-0.1731,0.1044,0.1435,14.252,41.787915127456024,6.326794488676448,-48.11470961613247,64.04126374386692,,
258,1CMQ,1,6,nbo,-3438.4147294,-78.78934451320916,-0.29256,-0.19302,-0.24279,0.09954,0.2961,9.6126,22.557407043108164,9.882519259508896,-32.43992630261706,40.728977619653755,,
259,3CCX,0,1,nbo,-3362.2323393,-75.52135802465499,-0.18828,-0.08217,-0.13523,0.10611,0.08616,5.1473,25.96056075592487,16.318535767160274,-42.279096523085144,52.22803200537531,669.087,99.1485
260,1CMQ,0,1,nbo,-3438.5999029,-78.78934451320916,-0.18325,-0.08619,-0.13472,0.09706,0.0935,4.8431,24.929897836795284,13.325321353682888,-38.25521919047817,47.56601508055407,684.725,101.466
261,1CPO,0,1,chloro,-3535.3101704,-72.5957249522324,-0.17842,-0.09936,-0.13889,0.07906,0.122,2.5827,19.426370599662903,-3.018765170899716,-16.407605428763187,25.606763425601265,,
262,1FHF,1,2,nbo,-3455.2265057,-78.68582126383504,-0.26514,-0.20617,-0.23566,0.05897,0.47086,9.5411,27.78716110939655,9.850890473363563,-37.63805158276011,47.80992880756336,,
263,1CYO,1,6,nbo,-3627.3452553,-91.31237178929182,-0.26914,-0.18533,-0.22723,0.08381,0.30805,7.4985,33.36341644822472,-2.047926309535484,-31.315490138689235,45.803618655006964,,
264,1QPU,1,6,nbo,-3878.9887538,-94.64260094311177,-0.25859,-0.21902,-0.2388,0.03957,0.72059,9.1844,24.152789957861994,1.9162788300093965,-26.06906878787139,35.58968579733414,,
265,1JP9,0,1,chloro,-3438.4917978,-80.45907291613732,-0.15478,-0.09966,-0.12722,0.05512,0.14682,6.3832,18.809174331220525,-1.325091284372526,-17.484083046848,25.714471916087305,,
266,1CRY,0,5,nbo,-3880.5055687,-93.94658908713878,-0.13296,-0.06586,-0.09941,0.0671,0.07364,3.6476,32.156403746545124,0.7746383566362738,-32.9310421031814,46.03355189962968,,
267,1JP9,1,6,nbo,-3438.3367101,-80.45907291613732,-0.27873,-0.21479,-0.24676,0.06394,0.47615,6.9764,28.271999325748844,-1.7375226374164399,-26.534476688332404,38.81241275564215,,
268,7ABB,0,5,chloro,-3536.3189835,-75.66498967142951,-0.18081,-0.08044,-0.13062,0.10037,0.085,8.3795,39.23349629838305,-14.17824961984713,-25.055246678535923,48.66266926711088,,
269,1CTJ,1,2,chloro,-3881.8177435,-95.26638651978749,-0.21868,-0.10306,-0.16087,0.11562,0.11191,9.0432,33.030342399588726,-4.046344024405226,-28.9839983751835,44.12990574214439,,
270,2OYY,0,1,nbo,-3443.3165784,-81.10842762215906,-0.17613,-0.10629,-0.14121,0.06984,0.14276,9.5361,23.663119479490096,3.442258048479413,-27.10537752796951,36.145454138891374,684.506,101.433
271,1YCC,0,1,chloro,-3880.4795585,-93.56652141065122,-0.13454,-0.11088,-0.12271,0.02366,0.31821,3.8501,30.504397707808153,-8.900510591440803,-21.60388711636735,38.424800674059775,,
272,1CCC,0,5,chloro,-3438.6553425,-78.35885726652758,-0.18309,-0.08487,-0.13398,0.09822,0.09138,5.8592,33.05095193864108,11.66266603159896,-44.71361797024004,56.81276999938964,,
273,6K9J,0,5,nbo,-3880.353797,-95.08082443966474,-0.1415,-0.0705,-0.106,0.071,0.07913,8.4063,38.589943397077555,-2.6980719896848555,-35.8918714073927,52.77015972096338,,
274,1HRC,0,5,nbo,-3880.5349085,-94.33347452855396,-0.15199,-0.07015,-0.11107,0.08184,0.07537,7.1093,26.447976386271854,21.030249658204106,-47.47822604447596,58.274769874668266,,
275,1CPO,1,2,nbo,-3535.1585278,-72.5957249522324,-0.2932,-0.25361,-0.27341,0.03959,0.94406,12.1001,25.680848711927876,14.078966161048914,-39.75981487297679,49.38184036123274,,
276,1GU2,1,6,nbo,-3628.6718093,-91.195246706879,-0.27333,-0.16859,-0.22096,0.10474,0.23307,5.9916,24.185778597738217,-1.4004820657801211,-22.785296531958096,33.257825762437406,,
277,1GIW,0,1,chloro,-3880.5096788,-93.6237537873876,-0.14855,-0.12475,-0.13665,0.0238,0.39229,6.0687,32.88151564288384,-12.681803562551046,-20.199712080332795,40.62081465501462,,
278,1CCC,1,2,chloro,-3438.5218292,-78.35885726652758,-0.22108,-0.11604,-0.16856,0.10504,0.13525,9.526,21.6141158189102,17.48087990696125,-39.09499572587145,47.97051027204913,,
279,4MU8,0,5,nbo,-3439.6839999,-81.38141407053735,-0.15655,-0.08029,-0.11842,0.07626,0.09194,5.3087,34.77664623755819,6.397362538017646,-41.174008775575835,54.27375397838047,,
280,7ABB,0,1,nbo,-3536.2343917333333,-75.66498967142951,-0.15372,-0.12403,-0.13887,0.02969,0.32479,7.3563,42.14873185970484,-12.528841255659604,-29.619890604045235,53.017217792828305,695.362,103.042
281,2GSM,0,5,nbo,-3364.7839838,-78.05215592584558,-0.16112,-0.06814,-0.11463,0.09298,0.07066,7.4402,22.697054207167405,9.195623161016144,-31.89267736818355,40.210180610307624,,
282,1B5A,0,1,chloro,-3627.0853422,-91.99250225794108,-0.16556,-0.06365,-0.11461,0.10191,0.06444,4.1104,37.15194741934202,-12.75034841756759,-24.401599001774432,46.24150317260806,,
283,1CMT,0,1,chloro,-3438.540003,-78.78968004259846,-0.19009,-0.10056,-0.14533,0.08953,0.11795,5.7389,35.56959306606265,-8.457295518382196,-27.112297547680456,45.517013028021076,,
284,1JDL,0,1,chloro,-3879.4054453,-93.34748006882049,-0.18688,-0.07928,-0.13308,0.1076,0.0823,10.9959,39.125515702497964,11.137549200131481,-50.263064902629445,64.6624054190509,,
285,7ABA,0,1,nbo,-3536.212097033333,-75.0903067724909,-0.16274,-0.14538,-0.15406,0.01736,0.6836,7.7008,39.91241788280511,2.7347076065286373,-42.647125489333746,58.47441354513825,689.959,102.241
286,351C,0,1,nbo,-3879.3536295,-94.171333360777,-0.1762,-0.073,-0.1246,0.1032,0.07522,4.1501,13.84238269515115,1.4391039541076065,-15.281486649258756,20.668972223925433,671.264,99.4711
287,1ES1,1,2,chloro,-3627.4360698,-90.6761037310604,-0.21629,-0.10605,-0.16117,0.11024,0.11781,2.617,38.388597817882975,17.969935113551557,-56.35853293143453,70.51870138191721,,
288,1JBQ,0,1,nbo,-3800.4874641,-86.09542409503317,-0.18091,-0.1027,-0.1418,0.07821,0.12856,11.8271,35.11113577133645,2.6036321481046016,-37.71476791944105,51.594325988546835,717.657,106.346
289,6XCX,1,6,nbo,-3534.8889526,-72.70275673289008,-0.31205,-0.22653,-0.26929,0.08552,0.42398,9.0432,33.55152778461873,18.762390098211988,-52.313917882830715,64.91901341772747,,
290,1CCK,1,2,nbo,-3438.2602284,-78.52821065167974,-0.29381,-0.24367,-0.26874,0.05014,0.7202,12.691,34.545344877448464,-9.29120070262967,-25.254144174818794,43.78902900500232,,
291,1NSI,1,2,nbo,-3535.2802642,-74.10025659215418,-0.30461,-0.25299,-0.2788,0.05162,0.7529,8.5684,39.00500718573293,-9.727436957237202,-29.277570228495726,49.73117464785155,,
292,1CCK,1,6,nbo,-3438.2857505,-78.52821065167974,-0.28417,-0.2177,-0.25094,0.06647,0.47366,11.082,27.470039411873003,-11.023137514972728,-16.446901896900275,33.861677571705115,,
293,1JDL,1,6,nbo,-3879.1940635,-93.34748006882049,-0.29537,-0.18975,-0.24256,0.10562,0.27852,13.2347,30.37754354783136,15.050672192473016,-45.428215740304374,56.68368963637872,,
294,1JBQ,1,6,nbo,-3800.2971452,-86.09542409503317,-0.28816,-0.20881,-0.24849,0.07935,0.38907,12.4362,27.950189195133177,0.8968495625033235,-28.8470387576365,40.176722866183155,,
295,6K9J,1,2,chloro,-3880.2951471,-95.08082443966474,-0.20832,-0.15618,-0.18225,0.05214,0.31852,20.3748,37.49535590486396,5.349048816708148,-42.84440472157211,57.1852870473833,,
296,1CRY,1,6,nbo,-3880.3379827,-93.94658908713878,-0.28708,-0.18459,-0.23584,0.10249,0.27133,6.5074,30.402940120011394,3.2423063644808607,-33.645246484492255,45.46266522658334,,
297,1QPU,0,5,chloro,-3879.2506731,-94.64260094311177,-0.11863,-0.06638,-0.09251,0.05225,0.08189,5.9469,36.93841895110111,20.552879284768494,-57.49129823586961,71.35907100255044,,
298,1EUE,0,1,nbo,-3627.4851729,-89.07529362593753,-0.17621,-0.08508,-0.13065,0.09113,0.09365,5.0877,44.22945750462378,-12.797519870711671,-31.43193763391211,55.74933297230755,699.633,103.675
