pdb,Ox,spin,method,e,edisp,homo,lumo,chem_pot,dipole,qpole1,qpole2,qpole3,qpole4,polar-iso,polar-aniso
1dj1,1,6,nbo,-3438.4069958,-78.6325274498695,-0.30038,-0.19567,-0.24802,9.0051,47.23710399184445,-0.9960148379270208,-46.24108915391743,66.11031965763165,,
1ccc01,0,1,nbo,-3438.1047843,-79.59394456004283,-0.1831,-0.08935,-0.13623,14.195,23.41522291693592,10.597148226329335,-34.012371143265256,42.63113420316646,,
1cxc,1,6,nbo,-3880.3799072,-94.38860945580905,-0.27754,-0.19258,-0.23506,7.2883,23.323124858144876,3.601727738174592,-26.924852596319468,35.803467474283586,,
1jp9,0,5,nbo,-3438.5399542,-80.45907291613732,-0.1715,-0.07304,-0.12227,5.8843,22.44314170398993,-8.04980269098203,-14.3933390130079,27.850711675870848,,
1c75,0,5,nbo,-3881.4036682,-98.07267664026782,-0.10133,-0.07202,-0.08668,6.6493,18.83484170188312,6.677223769483454,-25.512065471366576,32.406821254452666,,
2gsm,1,6,nbo,-3364.5329383,-78.36707858151131,-0.29996,-0.18661,-0.24329,7.6511,36.41024467089847,-15.996554389501988,-20.413690281396484,44.702510222981516,,
1cmq,0,1,chloro,-3438.5999029,-78.78934451320916,-0.18325,-0.08619,-0.13472,4.8431,24.929897836795284,13.325321353682874,-38.25521919047816,47.56601508055405,,
1ebt,0,5,nbo,-3455.6026405,-85.15890216703086,-0.17188,-0.07472,-0.1233,3.5612,20.269141385132688,-1.3332090226815865,-18.9359323624511,27.770219178536944,,
1c75,1,6,chloro,-3881.3571628,-98.07267670304664,-0.2158,-0.1011,-0.15845,9.1471,32.21082267901179,-6.415910234290386,-25.794912444721405,41.7621660097277,,
1ccc,1,2,nbo,-3437.9010952,-79.59394456004283,-0.29238,-0.21148,-0.25193,15.2808,27.207059064956432,-8.47741795451089,-18.72964111044554,34.10117496898872,,
1fj0,1,2,nbo,-3880.3686197,-94.68874039609116,-0.28387,-0.24041,-0.26214,9.1795,42.36496468296337,-5.6917067505036485,-36.67325793245972,56.32151990638073,,
1h9xd,0,5,nbo,-3813.2412889,-83.69152661755915,-0.18826,-0.10039,-0.14433,10.4387,18.47525776958375,11.107085696852543,-29.582343466436292,36.60351823658481,,
1drm,0,1,chloro,-3361.9573584,-76.42127657206801,-0.17828,-0.08441,-0.13134,10.1505,28.943810936343837,10.00643883529061,-38.95024977163445,49.54790577770101,,
1a6g,1,6,nbo,-3475.2390596,-81.29126800533382,-0.27928,-0.20387,-0.24157,3.0235,35.28504918708,-13.194980923442504,-22.090068263637495,43.670508770059314,,
1cce01,0,1,chloro,-3249.2811148,-69.36974821521096,-0.18908,-0.10784,-0.14846,9.797,29.959027681064914,16.58085870351371,-46.53988638457862,57.77914190804659,,
6u97,0,1,nbo,-3879.0465458,-94.10300441911212,-0.18136,-0.06262,-0.12199,8.1112,24.14635811521224,8.25034189482935,-32.39670001004159,41.239070367799876,629.766,93.3216
1vb6,1,2,nbo,-3881.6476456,-95.33922060306658,-0.29218,-0.18099,-0.23658,10.9901,24.31903284004423,14.36537443472114,-38.68440727476537,47.89846247140725,,
1fhf,0,1,chloro,-3455.422494,-78.68582126383504,-0.1609,-0.09964,-0.13027,4.3885,42.0983687602411,9.593716524484819,-51.69208528472592,67.35268168461293,,
1a6m,1,6,nbo,-3512.2653531,-80.49806321706042,-0.27525,-0.18771,-0.23148,3.731,34.59616972898304,-12.411982262090081,-22.18418746689296,42.931229159637304,,
1h9xd,0,1,chloro,-3813.1944605,-83.69152661755915,-0.19015,-0.10066,-0.14541,10.3943,18.929344339687404,10.418025553472962,-29.347369893160366,36.44342812098289,,
1a6k,0,1,nbo,-3438.491317,-80.08274080311368,-0.17131,-0.08915,-0.13023,4.3748,28.284534184738433,-7.0502856173241675,-21.234248567414266,36.064036290412915,672.863,99.708
1cmt,0,5,nbo,-3438.5488998,-78.78968004259846,-0.18889,-0.09713,-0.14301,6.7024,32.66803124140466,-2.0021569935782892,-30.665874247826373,44.85091683789559,,
1c7501,0,1,nbo,-3881.4704347,-98.07267664026782,-0.17273,-0.0565,-0.11461,6.5556,21.428822470279062,4.532156984054058,-25.96097945433312,33.96626757111711,,
1ebt,1,2,nbo,-3455.3818818,-85.15890216703086,-0.30256,-0.18743,-0.245,3.9797,32.753399733884855,-8.633436303723581,-24.119963430161274,41.58237668392382,,
6u97,0,5,nbo,-3878.9314694,-94.10300441911212,-0.10885,-0.05181,-0.08033,7.9901,27.477326993725434,4.5217058905827905,-31.999032884308225,42.41918703148474,,
1a6m,0,1,chloro,-3512.4498768,-80.4980631542816,-0.16727,-0.11119,-0.13923,5.1865,28.486568391356705,-10.96748957952569,-17.519078811831015,35.195007188535875,,
1h9xc,0,5,nbo,-3880.5209485,-95.29550038667425,-0.10723,-0.05964,-0.08344,8.688,26.63716231815492,17.71633252876687,-44.35349484692179,54.6867383944794,,
1gu2,0,1,nbo,-3628.7931726,-91.05841431327048,-0.12371,-0.09996,-0.11183,5.884,22.44437929086108,8.444875298472173,-30.88925458933325,39.10514198469843,802.717,118.95
1ebt,1,6,nbo,-3455.4123787,-85.15890216703086,-0.29902,-0.18838,-0.2437,4.1201,31.463626681707925,-10.934209832475055,-20.52941684923287,39.12765907636238,,
1cce,1,6,chloro,-3249.0922562,-69.36974821521096,-0.19384,-0.14478,-0.16931,21.1665,61.137121694046975,-21.14661629000144,-39.990505404045535,76.0537148848821,,
1fhf,0,1,nbo,-3455.422494,-78.68582126383504,-0.1609,-0.09964,-0.13027,4.3885,42.0983687602411,9.593716524484819,-51.69208528472592,67.35268168461293,718.231,106.431
1a6g,1,2,nbo,-3475.2857999,-81.29126800533382,-0.29842,-0.24088,-0.26965,6.0276,51.02028786450296,-17.541541652532878,-33.47874621197008,63.49489665903464,,
1cmt,1,2,nbo,-3438.3413125,-78.78968004259846,-0.30453,-0.20272,-0.25362,10.3841,21.034863928722952,-3.2823551776070197,-17.752508751115933,27.71986512077269,,
1drm,0,1,nbo,-3361.9573584,-76.42127657206801,-0.17828,-0.08441,-0.13134,10.1505,28.943810936343837,10.00643883529061,-38.95024977163445,49.54790577770101,656.85,97.3352
2oyy,1,2,nbo,-3445.654402,-83.46057571082322,-0.31775,-0.26902,-0.29339,11.2562,18.850204372175384,2.2826695358384406,-21.132873908013824,28.410194379740457,,
1v9z,1,2,nbo,-3879.1920053,-91.31763364396414,-0.28392,-0.19914,-0.24153,7.8282,29.27395881972161,-4.511703881064591,-24.76225493865702,38.606856988574116,,
1h9xd,0,1,nbo,-3813.1944605,-83.69152661755915,-0.19015,-0.10066,-0.14541,10.3943,18.929344339687404,10.418025553472962,-29.347369893160366,36.44342812098289,656.235,97.244
1vb6,0,5,nbo,-3881.821725,-95.33922060306658,-0.17732,-0.06925,-0.12329,8.3245,28.13484604990988,18.67638577821535,-46.81123182812523,57.72060614074785,,
1jp6,0,5,nbo,-3438.5526343,-79.66363136932922,-0.17029,-0.07184,-0.12107,3.597,16.252285218344944,-2.943804713773215,-13.30848050457173,21.211280356259326,,
2oyy,0,5,nbo,-3445.8854264,-83.46057571082322,-0.16869,-0.0821,-0.1254,9.9169,22.721754061825006,5.834111977744598,-28.555866039569604,36.95608820593393,,
1jp6,1,2,nbo,-3438.3492128,-79.66363136932922,-0.29917,-0.23792,-0.26854,8.6948,29.46171775289208,13.629171534049288,-43.09088928694137,53.94971609257292,,
1ccc,1,6,nbo,-3437.8775912,-79.59394456004283,-0.29428,-0.19695,-0.24561,14.9327,26.820001511030373,-7.862182339066635,-18.957819171963738,33.771664180400045,,
1moh,1,6,nbo,-3761.1167047,-83.67638757550466,-0.24976,-0.17955,-0.21465,2.1815,22.712599092270356,6.486372381397455,-29.19897147366781,37.556825202836606,,
1cmt,1,6,nbo,-3438.3303575,-78.78968004259846,-0.27712,-0.22279,-0.24995,10.8748,24.38899458100882,-4.392204785471176,-19.996789795537644,31.843148739986628,,
6u97,1,6,nbo,-3878.8519996,-94.10300441911212,-0.29465,-0.17865,-0.23665,9.9575,22.495928950353665,11.806177154394838,-34.3021061047485,42.685912448508574,,
1cxc,0,1,chloro,-3880.5351545,-94.38860945580905,-0.13304,-0.10781,-0.12043,3.2818,16.489394008166727,1.2240528388611978,-17.713446847027924,24.231479919034285,,
1gu2,0,5,nbo,-3628.8230265,-91.05841431327048,-0.15162,-0.05598,-0.1038,5.1695,21.996861815362315,6.792844526858737,-28.789706342221052,36.862607871935914,,
4mu8,1,6,nbo,-3439.5094389,-81.38141407053735,-0.27869,-0.22142,-0.25006,8.8811,32.56881401327594,2.506590394572534,-35.075404407848474,47.93010156479578,,
1ccg01,0,1,chloro,-3399.2278638,-76.55511336074531,-0.18313,-0.08084,-0.13198,7.6198,39.375453481454954,3.007950051455637,-42.38340353291059,57.92950021721069,,
3ccx,1,2,nbo,-3362.0357324,-75.52135802465499,-0.30197,-0.24322,-0.2726,9.3908,24.8133371707614,13.420308358392106,-38.233645529153506,47.51439811713055,,
1a6k,0,1,chloro,-3438.491317,-80.08274080311368,-0.17131,-0.08915,-0.13023,4.3748,28.284534184738433,-7.0502856173241675,-21.234248567414266,36.064036290412915,,
1a6g,0,5,nbo,-3475.4502369,-81.29126800533382,-0.15907,-0.07591,-0.11749,2.4858,29.72247795527309,-7.2649963527692165,-22.457481602503872,37.95450365548527,,
1vb6,0,1,nbo,-3879.3949703,-93.10666810086892,-0.18338,-0.07671,-0.13004,7.203,30.488668312791,18.067506919661625,-48.556175232452624,60.114023779681,705.646,104.566
1cxc,1,2,nbo,-3880.3803931,-94.38860945580905,-0.28263,-0.23579,-0.25921,11.7413,26.007021633140685,8.437898678074898,-34.44492031121558,43.97744698790617,,
2oyy,0,1,chloro,-3443.3165784,-81.10842762215906,-0.17613,-0.10629,-0.14121,9.5361,23.663119479490096,3.4422580484794274,-27.105377527969523,36.14545413889138,,
1ccc01,0,1,chloro,-3438.1946585,-79.59394456004283,-0.18908,-0.09038,-0.13973,18.0259,29.780869692942222,11.39455156337235,-41.17542125631457,52.0783191033785,,
1fhf,0,5,nbo,-3455.4555316,-78.68582126383504,-0.17172,-0.07166,-0.12169,5.3105,37.29680762734056,7.870545562627051,-45.16735318996761,59.10234463057718,,
1ctj,1,6,chloro,-3881.8017276,-95.26638651978749,-0.21985,-0.10463,-0.16224,9.1308,34.66996198925823,-5.950271327596219,-28.719690661662014,45.41181151319754,,
1fj0,0,5,nbo,-3880.5483535,-94.68874039609116,-0.14093,-0.06576,-0.10334,3.9016,31.314196549966752,0.18435513403826675,-31.49855168400502,44.41589412108385,,
1h9xc,1,2,nbo,-3880.332635,-95.29550038667425,-0.27381,-0.24413,-0.25897,14.6273,33.03184699480062,10.492163522852394,-43.52401051765301,55.6374685155513,,
1cck,0,1,nbo,-3438.4632563,-78.52821065167974,-0.18189,-0.10026,-0.14108,8.8134,23.96546117573487,3.5985056953787122,-27.563966871113582,36.70238197007349,684.632,101.452
1cpo,0,1,nbo,-3535.3101704,-72.5957249522324,-0.17842,-0.09936,-0.13889,2.5827,19.426370599662903,-3.0187651708997194,-16.407605428763183,25.60676342560126,681.439,100.979
1ebt,0,1,nbo,-3455.6017331,-85.15890216703086,-0.18528,-0.07188,-0.12858,3.5001,19.936338258815326,-0.12361089574784145,-19.812727363067484,28.10724156488314,631.267,93.5441
1ctj,0,5,nbo,-3881.8732608,-95.26638651978749,-0.16828,-0.06921,-0.11875,5.6534,24.03330097155383,3.8240877838086895,-27.85738875536252,36.989962303778626,,
1ccg,0,5,chloro,-3399.2235889,-76.55511336074531,-0.17666,-0.08174,-0.1292,7.9531,39.28974418523329,3.284855437392352,-42.57459962262564,58.02646643618312,,
1a6k,1,6,nbo,-3438.303636,-80.08274080311368,-0.29908,-0.20821,-0.25365,4.6152,45.449411420734734,-16.19391843658244,-29.255492984152294,56.42495779854585,,
1fj0,0,1,nbo,-3880.5270025,-94.68874039609116,-0.13578,-0.11133,-0.12355,3.1214,31.52218522836059,1.3951519845938947,-32.917337212954486,45.59765015986657,790.114,117.083
4mu8,0,1,nbo,-3439.6628789,-81.38141407053735,-0.13573,-0.11011,-0.12292,4.9654,34.65273547747128,7.152501041027541,-41.80523651849882,54.769043697887625,762.121,112.935
2oyy,1,6,nbo,-3445.6809302,-83.46057571082322,-0.31068,-0.19826,-0.25447,11.5419,17.551591400084874,2.2967611178770078,-19.84835251796188,26.594935043827586,,
1cmt,0,1,nbo,-3438.540003,-78.78968004259846,-0.19009,-0.10056,-0.14533,5.7389,35.56959306606262,-8.457295518382168,-27.112297547680456,45.51701302802105,694.924,102.977
1moh,0,1,nbo,-3761.3385059,-83.67638757550466,-0.1684,-0.06298,-0.11569,4.6143,8.744418315644136,-1.2113626522323395,-7.533055663411797,11.605135879525779,657.523,97.4349
1jp6,0,1,nbo,-3438.4935341,-79.66363136932922,-0.15456,-0.09723,-0.1259,3.6011,17.916237482207972,-3.8819812160873095,-14.034256266120662,23.08726254556134,689.946,102.24
1dj1,0,1,nbo,-3438.6038188,-78.6325274498695,-0.18873,-0.08504,-0.13689,4.3771,53.38710719211603,-0.12263095948699032,-53.264476232629036,75.41420742161927,661.55,98.0316
2gsm,0,1,nbo,-3364.6911325,-78.36707858151131,-0.18618,-0.06996,-0.12807,4.2871,36.71517086648899,-14.231611064826772,-22.483559801662217,45.34372047605822,619.954,91.8677
1vb6,1,6,nbo,-3881.6458907,-95.33922060306658,-0.2939,-0.18106,-0.23748,10.9913,25.234271833079884,12.036582510278404,-37.27085434335829,46.59146248999207,,
2gsm,0,1,chloro,-3364.6911325,-78.36707858151131,-0.18618,-0.06996,-0.12807,4.2871,36.71517086648899,-14.231611064826772,-22.483559801662217,45.34372047605822,,
3ccx,0,1,chloro,-3362.2323393,-75.52135802465499,-0.18828,-0.08217,-0.13523,5.1473,25.96056075592487,16.318535767160274,-42.279096523085144,52.22803200537531,,
1a6g,0,1,chloro,-3475.4717259,-81.29126800533382,-0.16762,-0.09782,-0.13272,3.8308,28.314377715318486,-9.751172562397109,-18.563205152921377,35.233250422670096,,
1ccg,1,6,chloro,-3399.0808031,-76.55511336074531,-0.22145,-0.11548,-0.16847,11.4196,43.77371772409505,-12.834531156880562,-30.939186567214488,55.118933397214754,,
1cck,0,5,nbo,-3438.4681871,-78.52821065167974,-0.17502,-0.08621,-0.13062,8.4346,23.15396350788958,3.2797201453229867,-26.433683653212565,35.29309028456473,,
1jdl,0,1,nbo,-3879.4054453,-93.34748006882049,-0.18688,-0.07928,-0.13308,10.9959,39.125515702497964,11.137549200131467,-50.26306490262943,64.6624054190509,711.88,105.49
1a6g,0,1,nbo,-3475.4717259,-81.29126800533382,-0.16762,-0.09782,-0.13272,3.8308,28.314377715318486,-9.751172562397109,-18.563205152921377,35.233250422670096,686.81,101.775
1ccg,1,6,nbo,-3398.9641935,-76.55511336074531,-0.29369,-0.19108,-0.24239,10.1444,35.4932951794773,-12.45626918202407,-23.03702599745323,44.10937781741979,,
1h9xc,1,6,nbo,-3880.35219,-95.29550038667425,-0.27718,-0.18723,-0.2322,10.2779,24.050404205613493,13.296671830768613,-37.347076036382106,46.368389153558624,,
1v9z,0,5,nbo,-3879.3594612,-91.31763364396414,-0.11505,-0.08059,-0.09782,7.8283,30.555511589202634,-2.2593776523785607,-28.296133936824074,41.70629774536037,,
1a6k,1,2,nbo,-3438.2771778,-80.08274080311368,-0.27617,-0.22419,-0.25018,2.7231,33.88645337426602,-13.315176620644444,-20.571276753621575,41.81821466776591,,
1v9z,0,1,chloro,-3879.3815757,-91.31763364396414,-0.17763,-0.07078,-0.12421,7.1556,28.081934965131676,-0.7240819190842664,-27.35785304604741,39.21187944106423,,
1ctj01,0,1,nbo,-3881.8978039,-95.26638651978749,-0.17997,-0.06395,-0.12196,5.5992,23.709088133505418,4.9963092942102065,-28.705397427715624,37.56439548520436,,
1ctj01,0,1,chloro,-3881.9614364,-95.26638651978749,-0.17981,-0.06433,-0.12207,6.5779,28.530852711720694,4.17417645491869,-32.705029166639385,43.60105776613029,,
1dj1,0,5,nbo,-3438.6083842,-78.6325274498695,-0.18376,-0.08549,-0.13462,4.439,52.95764490687212,0.06731144952271961,-53.02495635639484,74.94106138500557,,
1cce,0,5,chloro,-3249.2608258,-69.36974821521096,-0.15953,-0.09931,-0.12942,6.3323,43.17802071877883,6.124900592989242,-49.302921311768074,65.82274629897852,,
1jp9,0,1,nbo,-3438.4917978,-80.45907291613732,-0.15478,-0.09966,-0.12722,6.3832,18.809174331220508,-1.3250912843725047,-17.484083046848003,25.714471916087295,691.086,102.408
1jbq,0,1,chloro,-3800.4874641,-86.09542409503317,-0.18091,-0.1027,-0.1418,11.8271,35.11113577133645,2.6036321481046016,-37.71476791944105,51.594325988546835,,
1vb6,0,1,chloro,-3879.3949703,-93.10666810086892,-0.18338,-0.07671,-0.13004,7.203,30.488668312791,18.067506919661625,-48.556175232452624,60.114023779681,,
2gsm,1,2,nbo,-3364.4976067,-78.36707858151131,-0.30131,-0.22646,-0.26389,7.7542,36.38773224602965,-15.846107056483355,-20.541625189546295,44.68919927993878,,
1ctj,0,5,chloro,-3881.9364523,-95.26638651978749,-0.16859,-0.06949,-0.11904,6.6736,28.84472754125194,2.886622477358042,-31.731350018609984,42.97940751405709,,
1ccg01,0,1,nbo,-3399.1522683,-76.55511336074531,-0.18419,-0.0809,-0.13254,6.2218,30.355838788596415,3.6920738301221334,-34.04791261871855,45.76427330809724,,
1jp6,0,1,chloro,-3438.4935341,-79.66363136932922,-0.15456,-0.09723,-0.1259,3.6011,17.916237482207972,-3.8819812160873095,-14.034256266120662,23.08726254556134,,
1cmq,0,5,nbo,-3438.6003682,-78.78934451320916,-0.18214,-0.08956,-0.13585,5.2549,24.80056067838048,11.863613441646304,-36.664174120026786,45.82657305274403,,
1cce,1,2,nbo,-3249.000766,-69.36974821521096,-0.30302,-0.21753,-0.26028,15.0898,54.69984725770185,-19.584791285644492,-35.115055972057355,67.8874399248922,,
1moh,1,2,nbo,-3761.1351174,-83.67638757550466,-0.27385,-0.17484,-0.22434,2.4307,21.65517480443456,9.409023795917772,-31.06419860035233,39.01872321292306,,
1cce,1,2,chloro,-3249.1158418,-69.36974821521096,-0.22294,-0.14189,-0.18241,18.9318,76.00062260183336,-29.835406628048077,-46.16521597378528,93.79484682237889,,
1cce,1,6,nbo,-3248.9781263,-69.36974821521096,-0.27761,-0.22794,-0.25278,17.05,50.27264527508337,-11.809667329688878,-38.46297794539449,64.39105357254314,,
4mu8,1,2,nbo,-3439.4951711,-81.38141407053735,-0.27284,-0.23262,-0.25273,15.7196,19.61161168549961,11.364183251060794,-30.975794936560405,38.38306717575286,,
1drm,1,6,nbo,-3361.7816841,-76.42127657206801,-0.29116,-0.20308,-0.24712,12.8254,29.530814466217304,1.0352674457773183,-30.566081911994623,42.51383475026924,,
1a6k,0,5,nbo,-3438.5012385,-80.08274080311368,-0.17266,-0.09158,-0.13212,4.2376,28.19833318231726,-7.50536285425386,-20.6929703280634,35.772552122151254,,
1moh,0,5,nbo,-3761.3001182,-83.67638757550466,-0.10887,-0.06348,-0.08618,5.1738,9.817711096969305,-3.1393969749502597,-6.678314122019045,12.281821691517917,,
1jdl,1,2,nbo,-3879.2149036,-93.34748006882049,-0.29337,-0.18765,-0.24051,12.8625,31.327084498025517,14.200761728231566,-45.52784622625708,57.059903950235906,,
1cpo,1,6,nbo,-3535.1610509,-72.5957249522324,-0.28995,-0.2142,-0.25207,13.3003,30.34367472534589,8.684881616867084,-39.02855634221297,50.19356508986843,,
1jbq,0,5,nbo,-3800.5025952,-86.09542409503317,-0.17632,-0.0924,-0.13436,12.0538,31.460958444097855,4.35126366099,-35.812222105087855,47.866905621450485,,
1fj0,0,1,chloro,-3880.5270025,-94.68874039609116,-0.13578,-0.11133,-0.12355,3.1214,31.52218522836059,1.3951519845938947,-32.917337212954486,45.59765015986657,,
1jp6,1,6,nbo,-3438.350182,-79.66363136932922,-0.27729,-0.21141,-0.24435,3.3476,23.889690504161575,6.7892048181799645,-30.67889532234154,39.47157499577405,,
1c75,0,5,chloro,-3881.4594694,-98.07267664026782,-0.10638,-0.07463,-0.09051,8.5285,22.88314360288281,7.959310579192632,-30.842454182075443,39.22047763630151,,
1cce,0,5,nbo,-3249.1908314,-69.36974821521096,-0.16582,-0.10329,-0.13456,5.5919,35.33750043714904,6.094860534499134,-41.43236097164817,54.795317308912715,,
1a6m,0,1,nbo,-3512.4498768,-80.4980631542816,-0.16727,-0.11119,-0.13923,5.1865,28.486568391356705,-10.96748957952569,-17.519078811831015,35.195007188535875,682.826,101.184
1jdl,0,5,nbo,-3879.3609744,-93.34748006882049,-0.12159,-0.08404,-0.10282,10.8827,41.27401346213549,9.107072431964845,-50.38108589410034,65.76273086956101,,
6u97,1,2,nbo,-3878.8634222,-94.10300441911212,-0.29346,-0.17643,-0.23495,9.6889,22.79517705565586,10.710549346092673,-33.50572640174853,41.916221991045596,,
1drm,0,5,nbo,-3361.9424116,-76.42127657206801,-0.13331,-0.09224,-0.11278,10.2222,26.895831937003727,15.473154793173215,-42.36898673017694,52.516048292729785,,
1fj0,1,6,nbo,-3880.3813927,-94.68874039609116,-0.28339,-0.19512,-0.23925,6.9035,29.762590014703136,-0.851683725831279,-28.910906288871857,41.50153770640412,,
1ccc,0,5,nbo,-3438.0872072,-79.59394456004283,-0.17605,-0.0897,-0.13288,14.2877,23.127997620856956,10.741312382807916,-33.86931000366487,42.39587510336095,,
1ctj,1,2,nbo,-3881.7160231,-95.26638651978749,-0.29279,-0.17771,-0.23525,7.9006,29.4034205934686,-5.5706545245435315,-23.832766068925068,38.25694804919059,,
1a6m,0,5,nbo,-3512.4855513,-80.49806321706042,-0.17179,-0.07832,-0.12505,4.8283,31.51073192043092,-11.63024865453091,-19.88048326590001,39.031045683394936,,
1v9z,1,6,nbo,-3879.2084237,-91.31763364396414,-0.28637,-0.18113,-0.23375,8.1198,29.032209967265278,-5.3489399167021645,-23.683270050563113,37.846765437798865,,
1moh,0,1,chloro,-3761.3385059,-83.67638757550466,-0.1684,-0.06298,-0.11569,4.6143,8.744418315644136,-1.2113626522323395,-7.533055663411797,11.605135879525779,,
1a6m,1,2,nbo,-3512.2898771,-80.49806321706042,-0.30166,-0.21533,-0.25849,5.7808,50.95659049686808,-14.715269830062923,-36.24132066680516,64.23820206786043,,
1cck,0,5,chloro,-3438.5346996,-78.52821065167974,-0.17597,-0.08664,-0.13131,10.7301,28.35870866071364,2.571775256420576,-30.930483917134215,42.04194596139516,,
1dj1,1,2,nbo,-3438.3831737,-78.6325274498695,-0.30489,-0.20507,-0.25498,8.711,46.61491395054986,-1.50209487347783,-45.11281907707203,64.88738657402001,,
2oyy,1,2,chloro,-3445.7638159,-83.46057571082322,-0.23788,-0.18695,-0.21242,12.9079,21.229961664390665,4.910390496253676,-26.14035216064434,34.03147393486945,,
1cxc,0,5,nbo,-3880.5640744,-94.38860945580905,-0.15099,-0.06817,-0.10958,4.0132,17.98801340507298,1.368344145383709,-19.35635755045669,26.45958370009651,,
1h9xd,1,6,nbo,-3813.0225483,-83.69152661755915,-0.30011,-0.21498,-0.25755,6.7558,26.5097369732431,-9.09402906857348,-17.41570790466962,32.996581654943654,,
1gu2,1,2,nbo,-3628.6893769,-91.05841431327048,-0.27178,-0.18057,-0.22618,5.7704,22.917916587212044,-0.4614779040757675,-22.456438683136277,32.08949206191215,,
1h9xd,1,2,nbo,-3812.9741488,-83.69152661755915,-0.31842,-0.21414,-0.26628,6.6374,27.060712780877672,-9.120836255055345,-17.939876525822328,33.72404186870902,,
1ebt,0,1,chloro,-3455.6017331,-85.15890216703086,-0.18528,-0.07188,-0.12858,3.5001,19.936338258815326,-0.12361089574784145,-19.812727363067484,28.10724156488314,,
1dj1,0,1,chloro,-3438.6038188,-78.6325274498695,-0.18873,-0.08504,-0.13689,4.3771,53.38710719211603,-0.12263095948699032,-53.264476232629036,75.41420742161927,,
1jp9,1,2,nbo,-3438.3257162,-80.45907291613732,-0.29914,-0.2363,-0.26772,10.0773,41.23505789803242,-6.218399221310484,-35.01665867672194,54.45332747970253,,
6u97,0,1,chloro,-3879.0465458,-94.10300441911212,-0.18136,-0.06262,-0.12199,8.1112,24.14635811521224,8.25034189482935,-32.39670001004159,41.239070367799876,,
3ccx,1,6,nbo,-3362.018434,-75.52135802465499,-0.25487,-0.22443,-0.23965,11.344,19.070280005638445,16.893958035562754,-35.9642380412012,44.07389040560173,,
1ccg,0,5,nbo,-3399.1484188,-76.55511336074531,-0.17756,-0.08209,-0.12982,6.4688,30.38737005070243,3.675495948878094,-34.062865999580524,45.7949819213189,,
1cxc,0,1,nbo,-3880.5351545,-94.38860945580905,-0.13304,-0.10781,-0.12043,3.2818,16.489394008166727,1.2240528388611978,-17.713446847027924,24.231479919034285,785.719,116.431
4mu8,0,1,chloro,-3439.6628789,-81.38141407053735,-0.13573,-0.11011,-0.12292,4.9654,34.65273547747128,7.152501041027541,-41.80523651849882,54.769043697887625,,
1drm,1,2,nbo,-3361.7626611,-76.42127657206801,-0.29854,-0.24437,-0.27146,12.7952,30.23849720290093,0.43752442668220937,-30.67602162958314,43.07640240006637,,
1c75,1,6,nbo,-3881.2677265,-98.07267664026782,-0.28734,-0.17324,-0.23029,7.3232,28.849297927268797,-8.38143331626921,-20.467864610999587,36.35194488697396,,
3ccx,0,5,nbo,-3362.2613768,-75.52135802465499,-0.17727,-0.08164,-0.12946,5.4167,26.440214670529052,16.133927764230457,-42.57414243475951,52.649275248639874,,
1jbq,1,2,nbo,-3800.2766541,-86.09542409503317,-0.27657,-0.21029,-0.24343,12.319,27.854290239333324,-0.41375386561738026,-27.440536373715943,39.10263051755994,,
1gu2,0,1,chloro,-3628.7931726,-91.05841431327048,-0.12371,-0.09996,-0.11183,5.884,22.44437929086108,8.444875298472173,-30.88925458933325,39.10514198469843,,
1h9xc,0,1,chloro,-3880.4919383,-95.29550038667425,-0.128,-0.10817,-0.11808,8.736,23.614717422306345,19.029626120397307,-42.64434354270365,52.328974625971945,,
1ctj,1,6,nbo,-3881.7003756,-95.26638651978749,-0.2943,-0.17961,-0.23695,7.967,30.774502658906517,-6.591516709228966,-24.18298594967755,39.69048898506279,,
1a6g,1,6,chloro,-3475.3338067,-81.29126800533382,-0.20453,-0.128,-0.16626,2.4694,41.03357764313616,-16.921591216653734,-24.111986426482428,50.51220281208977,,
1c75,1,2,nbo,-3881.2616558,-98.07267664026782,-0.28204,-0.17331,-0.22768,7.2859,31.58144859203473,-13.34181557665234,-18.23963301538239,38.833956154228765,,
1cmq,1,2,nbo,-3438.4082125,-78.78934451320916,-0.29096,-0.19341,-0.24218,9.5523,22.236940511922107,10.218232442259513,-32.45517295418162,40.64765733737927,,
1cpo,0,5,nbo,-3535.3522155,-72.5957249522324,-0.14465,-0.10994,-0.12729,2.7649,19.333724983803243,-5.2919464017527,-14.041778582050544,24.47384653493795,,
1a6k,0,5,chloro,-3438.5668936,-80.08274080311368,-0.17419,-0.09283,-0.13351,6.4257,33.83461316888659,-9.730530319699582,-24.10408284918701,42.666978784433034,,
1ccg,1,2,nbo,-3398.9577596,-76.55511336074531,-0.29333,-0.19113,-0.24223,10.1544,34.777540693229824,-12.11119496272351,-22.666345730506315,43.24259021924101,,
1ccc,1,6,chloro,-3438.0023854,-79.59394456004283,-0.22273,-0.12285,-0.17279,17.981,33.188012635224254,-2.1467875525927163,-31.041225082631538,45.49297236422042,,
1fhf,1,6,nbo,-3455.2753996,-78.68582126383504,-0.27867,-0.18374,-0.2312,9.5948,26.23948203547485,10.32807387033472,-36.56755590580957,46.17754510891204,,
1v9z,0,1,nbo,-3879.3815757,-91.31763364396414,-0.17763,-0.07078,-0.12421,7.1556,28.081934965131676,-0.7240819190842664,-27.35785304604741,39.21187944106423,709.221,105.096
1ccg,1,2,chloro,-3399.0748638,-76.55511336074531,-0.22172,-0.11524,-0.16848,11.4572,42.98314516150741,-11.753961972378779,-31.22918318912863,54.41477991027344,,
1cmq,1,6,nbo,-3438.4147294,-78.78934451320916,-0.29256,-0.19302,-0.24279,9.6126,22.557407043108164,9.882519259508896,-32.43992630261706,40.728977619653755,,
3ccx,0,1,nbo,-3362.2323393,-75.52135802465499,-0.18828,-0.08217,-0.13523,5.1473,25.96056075592487,16.318535767160274,-42.279096523085144,52.22803200537531,669.087,99.1485
1cmq,0,1,nbo,-3438.5999029,-78.78934451320916,-0.18325,-0.08619,-0.13472,4.8431,24.929897836795284,13.325321353682874,-38.25521919047816,47.56601508055405,684.725,101.466
1cpo,0,1,chloro,-3535.3101704,-72.5957249522324,-0.17842,-0.09936,-0.13889,2.5827,19.426370599662903,-3.0187651708997194,-16.407605428763183,25.60676342560126,,
1h9xc,0,1,nbo,-3880.4919383,-95.29550038667425,-0.128,-0.10817,-0.11808,8.736,23.614717422306345,19.029626120397307,-42.64434354270365,52.328974625971945,788.048,116.777
1fhf,1,2,nbo,-3455.2265057,-78.68582126383504,-0.26514,-0.20617,-0.23566,9.5411,27.78716110939655,9.850890473363563,-37.63805158276011,47.80992880756336,,
1jp9,0,1,chloro,-3438.4917978,-80.45907291613732,-0.15478,-0.09966,-0.12722,6.3832,18.809174331220508,-1.3250912843725047,-17.484083046848003,25.714471916087295,,
1jp9,1,6,nbo,-3438.3367101,-80.45907291613732,-0.27873,-0.21479,-0.24676,6.9764,28.271999325748837,-1.737522637416447,-26.53447668833239,38.812412755642136,,
1ctj,1,2,chloro,-3881.8177435,-95.26638651978749,-0.21868,-0.10306,-0.16087,9.0432,33.03034239914317,-4.046343951556832,-28.98399844758634,44.1299057918538,,
2oyy,0,1,nbo,-3443.3165784,-81.10842762215906,-0.17613,-0.10629,-0.14121,9.5361,23.663119479490096,3.4422580484794274,-27.105377527969523,36.14545413889138,684.506,101.433
1ccc,0,5,chloro,-3438.177186,-79.59394456004283,-0.17904,-0.09068,-0.13486,18.2359,29.512020360522072,11.203753340507014,-40.715773701029086,51.519488184066844,,
1drm,1,2,chloro,-3361.8674271,-76.42127657206801,-0.22481,-0.1692,-0.197,14.7791,36.65510073875547,1.9920573803671715,-38.64715811912264,53.30260344352671,,
1cpo,1,2,nbo,-3535.1585278,-72.5957249522324,-0.2932,-0.25361,-0.27341,12.1001,25.680848711927876,14.078966161048914,-39.75981487297679,49.38184036123273,,
1gu2,1,6,nbo,-3628.6740132,-91.05841431327048,-0.27336,-0.16866,-0.22101,5.966,24.12683820026329,-1.3118140732751833,-22.815024126988106,33.23176948880714,,
1ccc,1,2,chloro,-3438.0270776,-79.59394456004283,-0.22319,-0.13465,-0.17892,18.4761,33.69976470923584,-3.488834204786688,-30.210930504449156,45.39324209076725,,
4mu8,0,5,nbo,-3439.6839999,-81.38141407053735,-0.15655,-0.08029,-0.11842,5.3087,34.776646237558204,6.397362538017639,-41.17400877557584,54.27375397838048,,
2gsm,0,5,nbo,-3364.7240994,-78.36707858151131,-0.16313,-0.07047,-0.1168,4.4231,37.07283098467143,-14.465721080656088,-22.60710990401534,45.76825648649489,,
1cmt,0,1,chloro,-3438.540003,-78.78968004259846,-0.19009,-0.10056,-0.14533,5.7389,35.56959306606262,-8.457295518382168,-27.112297547680456,45.51701302802105,,
1jdl,0,1,chloro,-3879.4054453,-93.34748006882049,-0.18688,-0.07928,-0.13308,10.9959,39.125515702497964,11.137549200131467,-50.26306490262943,64.6624054190509,,
1cce01,0,1,nbo,-3249.2073551,-69.36974821521096,-0.18567,-0.11356,-0.14961,6.5396,23.283015298041214,16.262614085953054,-39.54562938399427,48.6870436733808,,
1jbq,0,1,nbo,-3800.4874641,-86.09542409503317,-0.18091,-0.1027,-0.1418,11.8271,35.11113577133645,2.6036321481046016,-37.71476791944105,51.594325988546835,717.657,106.346
1cck,1,2,nbo,-3438.2602284,-78.52821065167974,-0.29381,-0.24367,-0.26874,12.691,34.54534487744844,-9.291200702629656,-25.254144174818787,43.7890290050023,,
1cck,1,6,nbo,-3438.2857505,-78.52821065167974,-0.28417,-0.2177,-0.25094,11.082,27.470039411873014,-11.023137514972735,-16.44690189690028,33.86167757170512,,
1jdl,1,6,nbo,-3879.1940635,-93.34748006882049,-0.29537,-0.18975,-0.24256,13.2347,30.37754354783135,15.050672192473023,-45.428215740304374,56.68368963637873,,
1c7501,0,1,chloro,-3881.5254494,-98.07267664026782,-0.17682,-0.06044,-0.11863,8.4936,26.278755114703454,4.20529836312452,-30.484053477827974,40.46646786094045,,
1jbq,1,6,nbo,-3800.2971452,-86.09542409503317,-0.28816,-0.20881,-0.24849,12.4362,27.95018919513317,0.896849562503327,-28.847038757636497,40.17672286618314,,
1ccg,0,1,nbo,-3399.1522683,-76.55511336074531,-0.18419,-0.0809,-0.13254,6.2218,30.355838788596415,3.6920738301221334,-34.04791261871855,45.76427330809724,,
1c75,0,1,chloro,-3881.5254494,-98.07267664026782,-0.17682,-0.06044,-0.11863,8.4936,26.278755114703454,4.20529836312452,-30.484053477827974,40.46646786094045,,
1cce,0,1,chloro,-3249.2811148,-69.36974821521096,-0.18908,-0.10784,-0.14846,9.797,29.959027681064914,16.58085870351371,-46.53988638457862,57.77914190804659,,
1ccg,0,1,chloro,-3399.2278638,-76.55511336074531,-0.18313,-0.08084,-0.13198,7.6198,39.375453481454954,3.007950051455637,-42.38340353291059,57.92950021721069,,
1ccc,0,1,nbo,-3438.1047843,-79.59394456004283,-0.1831,-0.08935,-0.13623,14.195,23.41522291693592,10.597148226329335,-34.012371143265256,42.63113420316646,,
1cce,0,1,nbo,-3249.2073551,-69.36974821521096,-0.18567,-0.11356,-0.14961,6.5396,23.283015298041214,16.262614085953054,-39.54562938399427,48.6870436733808,,
1ctj,0,1,chloro,-3881.9614364,-95.26638651978749,-0.17981,-0.06433,-0.12207,6.5779,28.530852711720694,4.17417645491869,-32.705029166639385,43.60105776613029,,
1c75,0,1,nbo,-3881.4704347,-98.07267664026782,-0.17273,-0.0565,-0.11461,6.5556,21.428822470279062,4.532156984054058,-25.96097945433312,33.96626757111711,,
1ccc,0,1,chloro,-3438.1946585,-79.59394456004283,-0.18908,-0.09038,-0.13973,18.0259,29.780869692942222,11.39455156337235,-41.17542125631457,52.0783191033785,,
1ctj,0,1,nbo,-3881.8978039,-95.26638651978749,-0.17997,-0.06395,-0.12196,5.5992,23.709088133505418,4.9963092942102065,-28.705397427715624,37.56439548520436,,
